cue_en,target_en,Issue,condition,route_cue_zh,route_target_zh,cue_duplicated,target_duplicated,has_duplicate,str_en,"str_zh, alignment weighted",str_zh,rw_en,"rw_zh, alignment weighted",cnt_en,"cnt_zh, alignment weighted",route_cue_rcs,route_target_rcs,route_cue_w,route_target_w,route_cue_other_translations,route_target_other_translations,cov_distance,cue_len,target_len,cue_zh,target_zh,cue_sim_cos_rw,target_sim_cos_rw,pair_sim_cos_rw,cue_sim_cos_str,target_sim_cos_str,pair_sim_cos_str,changed,reason
animal,lion,,M+E+,兽,狮子,,,,0.01807228848338130,0.01628563180565830,,0.37957504391670200,0.3275284767150880,3.0,2.3614165782928500,0.3038774132728580,0.4708922505378720,0.2910345494747160,1.0,"[{'zh': '动物', 'rcs': 0.5035275816917419, 'w': 0.5903541331444218}, {'zh': '牲畜', 'rcs': 0.2842504382133484, 'w': 0.11861132141469986}]",[],1.1804805255717300,6,4,动物,狮子,0.84472525,0.8407687,0.842747,0.6573555,0.5122847,0.5848201,y,global uniqueness
animal,world,,M+E-,动物,世界,,FALSE,TRUE,0.0,0.0244284477084875,0.0413793101906776,0.0404201857745647,0.0358935333788395,0.0,3.54212474822998,0.503527581691742,0.245962962508202,0.590354144573212,1.0,"[{'zh': '兽', 'rcs': 0.3038774132728576, 'w': 0.2910345454408785}, {'zh': '牲畜', 'rcs': 0.2842504382133484, 'w': 0.11861132141469986}]",[],1.35703673056859,6,5,动物,世界,0.84472525,0.7565454,0.80063534,0.6573555,0.47041208,0.5638838,,
animal,kingdom,,M-E+,,,,FALSE,TRUE,0.0240963846445084,0.0,,0.109907358884811,0.0387862697243691,4.0,0.0,,,,,,,1.09991191316383,6,7,动物,王国,0.84472525,0.7754183,0.81007177,0.6573555,0.27346176,0.46540862,,
award,trophy,,M+E+,奖,奖杯,FALSE,FALSE,FALSE,0.112676054239273,0.0287172850221396,0.115384615957737,0.485532373189926,0.297095894813538,24.0,3.33120512962341,0.337899684906006,0.239414602518082,0.211244031786919,1.0,"[{'zh': '奖状', 'rcs': 0.2945268452167511, 'w': 0.4758864219094916}, {'zh': '奖学金', 'rcs': 0.2771758139133453, 'w': 0.1341402113237985}, {'zh': '奖励', 'rcs': 0.2158609181642532, 'w': 0.10594170804027137}, {'zh': '奖金', 'rcs': 0.2081794291734695, 'w': 0.07278762659723526}]",[],0.900814832981174,5,6,奖状,奖杯,0.719095,0.7523289,0.73571193,0.5372194,0.14404662,0.340633,,
award,pupil,,M+E-,奖学金,学生,FALSE,FALSE,FALSE,0.0,0.0164098776876926,0.0384615398943424,0.0348384231328964,0.0753804072737694,0.0,1.90354573726654,0.277175813913345,0.356933832168579,0.134140208363533,1.0,"[{'zh': '奖状', 'rcs': 0.2945268452167511, 'w': 0.4758864219094916}, {'zh': '奖', 'rcs': 0.3378996849060058, 'w': 0.2112440321292032}, {'zh': '奖励', 'rcs': 0.2158609181642532, 'w': 0.10594170804027137}, {'zh': '奖金', 'rcs': 0.2081794291734695, 'w': 0.07278762659723526}]",[],0.852675709825722,5,5,奖状,学生,0.719095,0.7207131,0.71990407,0.5372194,0.26879975,0.4030096,,
award,ribbon,,M-E+,,,FALSE,FALSE,FALSE,0.0140845067799091,0.0,,0.215408146381378,0.0153542952612042,3.0,0.0,,,,,,,0.991238615253176,5,6,奖状,丝带,0.719095,0.7566797,0.7378874,0.5372194,0.4454856,0.4913525,,
barrel,wood,No replacement,M+E+,桶,木,FALSE,TRUE,TRUE,0.0837209299206734,0.0168802961707115,0.0638297870755196,0.0872949287295342,0.0627294331789017,18.0,1.58674788475037,0.439433336257935,0.222880467772484,1.0,0.26445797085762,[],"[{'zh': '林地', 'rcs': 0.3142346739768982, 'w': 0.2644579592310321}, {'zh': '树林', 'rcs': 0.3620069622993469, 'w': 0.2644579592310321}, {'zh': '木头', 'rcs': 0.5249272584915161, 'w': 0.14812697031238062}, {'zh': '木材', 'rcs': 0.4958810210227966, 'w': 0.05849915199452298}]",1.09334513474836,6,4,桶,林地,0.72587246,0.72057724,0.7232249,0.19569644,0.37188697,0.28379172,,
barrel,rice,,M+E-,桶,饭,FALSE,FALSE,FALSE,0.0,0.0159574467688799,0.0638297870755196,0.0619813427329063,0.0687749981880188,0.0,1.5,0.439433336257935,0.460202395915985,1.0,0.25,[],"[{'zh': '米饭', 'rcs': 0.5950742959976196, 'w': 0.25}, {'zh': '大米', 'rcs': 0.5953600406646729, 'w': 0.25}, {'zh': '米', 'rcs': 0.2004998624324798, 'w': 0.25}]",0.988582821894494,6,4,桶,米饭,0.72587246,0.86023504,0.79305375,0.19569644,0.17163135,0.1836639,y,duplicate route
barrel,rain,,M-E+,,,,,,0.01860465109348300,0.0,,0.06995107978582380,0.026399999856948900,4.0,0.0,,,,,,,1.2776826955843200,6,4,桶,下雨,0.72587246,0.7865754,0.7562239,0.19569644,0.34192422,0.26881033,y,global uniqueness
belt,leather,,M+E+,腰带,皮革,,FALSE,TRUE,0.108490563929081,0.0101643577218056,0.0333333350718021,0.27463361620903,0.123893350362778,23.0,0.91479218006134,0.416351497173309,0.617032468318939,0.304930716753006,1.0,"[{'zh': '带', 'rcs': 0.2452611625194549, 'w': 0.3271426424436043}, {'zh': '皮带', 'rcs': 0.4041090309619903, 'w': 0.19097368060181708}, {'zh': '带子', 'rcs': 0.2921146154403686, 'w': 0.17695295689897544}]",[],1.49117042728792,4,7,带,皮革,0.76060283,0.7873352,0.77396905,0.30838487,0.21277216,0.2605785,,
belt,bloke,,M+E-,皮带,男人,,,,0.0,0.008306439965963360,,0.01067756675183770,0.015240655280649700,0.0,0.8223375082015990,0.4041090309619900,0.3848049640655520,0.1909736841917040,0.7176709175109860,"[{'zh': '带', 'rcs': 0.2452611625194549, 'w': 0.3271426424436043}, {'zh': '腰带', 'rcs': 0.4163514971733093, 'w': 0.3049307200556031}, {'zh': '带子', 'rcs': 0.2921146154403686, 'w': 0.17695295689897544}]","[{'zh': '家伙', 'rcs': 0.4022364318370819, 'w': 0.28232908843550797}]",1.3872506231489800,4,5,带,男人,0.76060283,0.68595093,0.72327685,0.30838487,0.14578894,0.2270869,y,global uniqueness
belt,loop,,M-E+,,,,FALSE,TRUE,0.0424528308212757,0.0,,0.186617642641068,0.011796684935689,9.0,0.0,,,,,,,0.915040955295774,4,4,带,圈,0.76060283,0.65861017,0.7096065,0.30838487,0.543234,0.42580944,,
bench,park,,M+E+,长椅,公园,FALSE,FALSE,FALSE,0.159362554550171,0.123941704630852,0.319999992847443,0.296873599290848,0.137575298547745,40.0,15.4927139282227,0.288866579532623,0.553313612937927,1.0,0.387317836284637,[],"[{'zh': '庭院', 'rcs': 0.3167878687381744, 'w': 0.3873178485052622}, {'zh': '停车场', 'rcs': 0.4356929063796997, 'w': 0.16419304137673238}, {'zh': '庄园', 'rcs': 0.3247393667697906, 'w': 0.06117126161274324}]",1.19564090586326,5,4,长椅,庭院,0.7617733,0.78119713,0.7714852,0.66365933,0.1420726,0.40286598,,
bench,lover,,M+E-,长椅,情侣,FALSE,FALSE,FALSE,0.0,0.012401157990098,0.0320000015199184,0.0090543171390891,0.0409625731408596,0.0,1.5501446723938,0.288866579532623,0.375668823719025,1.0,0.38753616809845,[],"[{'zh': '情人', 'rcs': 0.4167958498001098, 'w': 0.3875361571585559}, {'zh': '爱人', 'rcs': 0.4504662752151489, 'w': 0.22492768568288826}]",1.24109675335852,5,5,长椅,情人,0.7617733,0.74432623,0.75304973,0.66365933,0.23645446,0.4500569,,
bench,press,,M-E+,,,FALSE,,,0.0318725109100342,0.0,,0.103249222040176,0.0131000000983477,8.0,0.0,,,,,,,1.34204341665565,5,5,长椅,评论,0.7617733,0.6138731,0.6878232,0.66365933,0.00453229,0.3340958,?,synonym in en
blast,bomb,,M+E+,爆炸,炸弹,FALSE,FALSE,FALSE,0.133858263492584,0.0138911148533225,0.0545454546809197,0.435045540332794,0.15305694937706,17.0,1.52802264690399,0.436282813549042,0.465717256069183,0.764011323451996,0.333333343267441,"[{'zh': '响声', 'rcs': 0.3306280076503753, 'w': 0.23598869700517877}]","[{'zh': '核弹', 'rcs': 0.368561178445816, 'w': 0.3333333333333333}, {'zh': '轰炸', 'rcs': 0.3353384733200073, 'w': 0.3333333333333333}]",1.19559436602925,5,4,爆炸,核弹,0.78289163,0.8075657,0.79522866,0.20434366,0.3391666,0.27175513,,
blast,voice,No replacement,M+E-,响声,声音,FALSE,TRUE,TRUE,0.0,0.0168563351035118,0.0714285746216774,0.0399295836687088,0.0795045867562294,0.0,1.65192079544067,0.330628007650375,0.434692621231079,0.235988691449165,1.0,"[{'zh': '爆炸', 'rcs': 0.4362828135490417, 'w': 0.7640113029948211}]",[],0.929400869714491,5,5,爆炸,声音,0.78289163,0.7235539,0.75322276,0.20434366,0.20194404,0.20314385,,
blast,party,,M-E+,,,FALSE,FALSE,FALSE,0.062992125749588,0.0,,0.0641284734010696,0.0172284543514252,8.0,0.0,,,,,,,1.44248119869531,5,5,爆炸,党派,0.78289163,0.5295197,0.65620565,0.20434366,0.051740978,0.12804233,,
border,state,"No replacement, border-state is better",M+E+,边界,国家,FALSE,TRUE,TRUE,0.0308641977608204,0.0108102830126882,0.0925925895571709,0.161551997065544,0.0999809578061104,5.0,1.16751074790955,0.39670142531395,0.293639481067657,0.159037992358208,0.734108030796051,"[{'zh': '边境', 'rcs': 0.4416214823722839, 'w': 0.4204810016270035}, {'zh': '边疆', 'rcs': 0.2616983354091644, 'w': 0.4204810016270035}]","[{'zh': '规定', 'rcs': 0.2473006099462509, 'w': 0.26589196465579745}]",1.31953492596536,6,5,边境,国家,0.6317142,0.7015089,0.66661155,0.21258223,0.25638014,0.23448119,,
border,soldier,,M+E-,边疆,战士,FALSE,FALSE,FALSE,0.0,0.0095036746934056,0.0714285746216774,0.0447315610945225,0.0573451705276966,0.0,1.06441152095795,0.261698335409164,0.322835952043533,0.420480996370316,0.316426753997803,"[{'zh': '边境', 'rcs': 0.4416214823722839, 'w': 0.4204810016270035}, {'zh': '边界', 'rcs': 0.3967014253139496, 'w': 0.15903799674599292}]","[{'zh': '兵', 'rcs': 0.3273873627185821, 'w': 0.3164267561764707}, {'zh': '军人', 'rcs': 0.4203858375549316, 'w': 0.18820543137467238}, {'zh': '士兵', 'rcs': 0.4214936792850494, 'w': 0.17894105627238624}]",0.769964622961935,6,7,边境,战士,0.6317142,0.75581336,0.6937638,0.21258223,0.31563348,0.26410785,,
border,barrier,,M-E+,,,FALSE,FALSE,FALSE,0.0246913582086563,0.0,,0.180232882499695,0.0155577966943383,4.0,0.0,,,,,,,1.00664236381697,6,7,边境,障碍,0.6317142,0.6874486,0.6595814,0.21258223,0.09970817,0.1561452,,
brick,cement,,M+E+,砖头,水泥,FALSE,FALSE,FALSE,0.0216216221451759,0.0125786168500781,0.0377358496189117,0.437470257282257,0.179766684770584,4.0,1.33333337306976,0.352288126945496,0.562649011611939,0.333333343267441,1.0,"[{'zh': '积木', 'rcs': 0.2154386341571808, 'w': 0.3333333333333333}, {'zh': '砖', 'rcs': 0.5376665592193604, 'w': 0.3333333333333333}]",[],0.661143859154012,5,6,积木,水泥,0.741537,0.7559994,0.7487682,0.22103651,0.28496802,0.25300226,,
brick,toy,,M+E-,积木,玩具,FALSE,FALSE,FALSE,0.0,0.0451977401971817,0.135593220591545,0.0557373277842999,0.159133344888687,0.0,5.33333349227905,0.215438634157181,0.467619001865387,0.333333343267441,1.0,"[{'zh': '砖头', 'rcs': 0.3522881269454956, 'w': 0.3333333333333333}, {'zh': '砖', 'rcs': 0.5376665592193604, 'w': 0.3333333333333333}]",[],1.01213309378798,5,3,积木,玩具,0.741537,0.7505278,0.74603236,0.22103651,0.20527373,0.21315512,,
brick,layer,,M-E+,,,FALSE,FALSE,FALSE,0.0216216221451759,0.0,,0.200916588306427,0.0174333341419697,4.0,0.0,,,,,,,1.34168635793218,5,5,积木,层次,0.741537,0.5463708,0.6439539,0.22103651,0.17130128,0.1961689,,
bubble,soap,,M+E+,泡沫,肥皂,FALSE,FALSE,FALSE,0.15068493783474,0.0085602980107069,0.0891089141368866,0.343575537204742,0.0555202625691891,33.0,0.813228368759155,0.406944096088409,0.330889701843262,0.0705961659550667,0.5,"[{'zh': '泡泡', 'rcs': 0.3187713325023651, 'w': 0.23235095813660003}, {'zh': '起泡', 'rcs': 0.3191709220409393, 'w': 0.23235095813660003}, {'zh': '气泡', 'rcs': 0.3949038386344909, 'w': 0.23235095813660003}, {'zh': '泡', 'rcs': 0.3404182195663452, 'w': 0.23235095813660003}]","[{'zh': '香皂', 'rcs': 0.2565927505493164, 'w': 0.5}]",1.07564303277843,6,4,泡泡,香皂,0.7646963,0.7759434,0.7703198,0.17728187,0.42318115,0.30023152,,
bubble,sugar,,M+E-,泡泡,糖,FALSE,,,0.0,0.0171205960214138,0.0736842080950737,0.0540446862578392,0.0726096779108048,0.0,1.62645673751831,0.318771332502365,0.604297816753388,0.232350960373878,1.0,"[{'zh': '起泡', 'rcs': 0.3191709220409393, 'w': 0.23235095813660003}, {'zh': '气泡', 'rcs': 0.3949038386344909, 'w': 0.23235095813660003}, {'zh': '泡', 'rcs': 0.3404182195663452, 'w': 0.23235095813660003}, {'zh': '泡沫', 'rcs': 0.4069440960884094, 'w': 0.07059616745359987}]",[],1.00104405535141,6,5,泡泡,糖,0.7646963,0.8346725,0.7996844,0.17728187,0.2812132,0.22924754,,
bubble,sphere,,M-E+,,,,,,0.027397260069847100,0.0,,0.1807386577129360,0.0030933020170778000,6.0,0.0,,,,,,,0.6500425454463900,6,6,泡泡,领域,0.7646963,0.6174963,0.6910963,0.17728187,0.07740127,0.12734157,y,global uniqueness
button,switch,,M+E+,按钮,开关,FALSE,FALSE,FALSE,0.0159574467688799,0.0191663354635239,0.13541667163372,0.10469201952219,0.0799820050597191,3.0,1.83996820449829,0.487864285707474,0.331714868545532,0.229522854089737,0.616653263568878,"[{'zh': '扣子', 'rcs': 0.3900531828403473, 'w': 0.22952285107089268}, {'zh': '按键', 'rcs': 0.4508865475654602, 'w': 0.22952285107089268}, {'zh': '纽扣', 'rcs': 0.3458504974842071, 'w': 0.22952285107089268}, {'zh': '键', 'rcs': 0.3273929059505462, 'w': 0.08190859571642929}]","[{'zh': '转换', 'rcs': 0.3224034905433655, 'w': 0.19782583341149027}, {'zh': '转移', 'rcs': 0.2481322288513183, 'w': 0.09754687964753536}, {'zh': '交换', 'rcs': 0.2526579201221466, 'w': 0.08797401518700525}]",0.833079125158187,6,6,扣子,开关,0.78395116,0.6346009,0.709276,0.14869538,0.10374456,0.12621997,y,poor translation
button,voice,No replacement,M+E-,按键,声音,FALSE,TRUE,TRUE,0.0,0.009979254566133,0.0434782616794109,0.0145280780270696,0.0257754176855087,0.0,0.918091416358948,0.45088654756546,0.434692621231079,0.229522854089737,1.0,"[{'zh': '扣子', 'rcs': 0.3900531828403473, 'w': 0.22952285107089268}, {'zh': '按钮', 'rcs': 0.4878642857074737, 'w': 0.22952285107089268}, {'zh': '纽扣', 'rcs': 0.3458504974842071, 'w': 0.22952285107089268}, {'zh': '键', 'rcs': 0.3273929059505462, 'w': 0.08190859571642929}]",[],1.09649984357514,6,5,扣子,声音,0.78395116,0.7235539,0.7537525,0.14869538,0.20194404,0.1753197,?,low str
button,nose,,M-E+,,,,,,0.03191489353775980,0.0,,0.0463370606303215,0.010702963918447500,6.0,0.0,,,,,,,1.088358170934410,6,4,扣子,鼻,0.78395116,0.79401773,0.7889844,0.14869538,0.15315132,0.15092334,y,global uniqueness
cancer,sickness,,M+E+,癌,疾病,FALSE,,,0.0534351132810116,0.013135694898665,0.0458715595304966,0.329345017671585,0.172416239976883,7.0,1.43179070949554,0.643173336982727,0.487386912107468,0.5,0.572716295719147,"[{'zh': '癌症', 'rcs': 0.6733107566833496, 'w': 0.5}]","[{'zh': '恶心', 'rcs': 0.4008625745773315, 'w': 0.17974843156570344}, {'zh': '呕吐', 'rcs': 0.4489710330963135, 'w': 0.1162461307620861}, {'zh': '厌恶', 'rcs': 0.2158258259296417, 'w': 0.07098864434248908}, {'zh': '悲伤', 'rcs': 0.2323462665081024, 'w': 0.06030047312504205}]",1.18351441783303,6,8,癌症,疾病,0.7922889,0.7799919,0.78614044,0.097811274,0.22926068,0.16353598,,
cancer,perish,,M+E-,癌症,死亡,FALSE,FALSE,FALSE,0.0,0.0239900331944227,0.140186920762062,0.0582886673510075,0.0408313572406769,0.0,2.56693339347839,0.67331075668335,0.251053065061569,0.5,0.342257797718048,"[{'zh': '癌', 'rcs': 0.643173336982727, 'w': 0.5}]","[{'zh': '丧失', 'rcs': 0.3378564715385437, 'w': 0.3900043667165838}, {'zh': '毁灭', 'rcs': 0.3822246491909027, 'w': 0.26773784416724294}]",1.30734233658823,6,6,癌症,丧失,0.7922889,0.6875172,0.7399031,0.097811274,0.042202048,0.07000666,,
cancer,research,,M-E+,,,FALSE,FALSE,FALSE,0.0305343512445688,0.0,,0.0633940622210503,0.008587397634983,4.0,0.0,,,,,,,1.26111351509717,6,8,癌症,探索,0.7922889,0.6132488,0.70276886,0.097811274,0.06620239,0.08200683,,
cannon,weapon,,M+E+,大炮,武器,FALSE,FALSE,FALSE,0.05527638271451,0.0206970851868391,0.0813953503966332,0.368356794118881,0.172705948352814,11.0,1.779949426651,0.486898154020309,0.484443068504334,1.0,0.254278481006622,[],"[{'zh': '凶器', 'rcs': 0.2454517632722854, 'w': 0.5076603114202342}, {'zh': '兵器', 'rcs': 0.4094533324241638, 'w': 0.16383712565252684}, {'zh': '工具', 'rcs': 0.2591533958911896, 'w': 0.07422409669575192}]",0.907343962245695,6,6,大炮,凶器,0.7808657,0.7073319,0.7440988,0.24590074,0.6664765,0.45618862,,
cannon,airplane,,M+E-,大炮,飞机,FALSE,FALSE,FALSE,0.0,0.0465116277337074,0.0465116277337074,0.0480201281607151,0.169100001454353,0.0,4.0,0.486898154020309,0.481065690517426,1.0,1.0,[],[],0.990912775524431,6,8,大炮,飞机,0.7808657,0.8041768,0.79252124,0.24590074,0.548523,0.39721188,,
cannon,camera,,M-E+,,,FALSE,FALSE,FALSE,0.0402010045945644,0.0,,0.0887139365077019,0.0142333339899778,8.0,0.0,,,,,,,1.03413313678619,6,6,大炮,相机,0.7808657,0.7588961,0.7698809,0.24590074,0.55002904,0.3979649,,
cell,phone,"No replacement, cell is a better cue",M+E+,电池,手机,FALSE,TRUE,TRUE,0.219827592372894,0.0204496774822474,0.189189195632935,0.276010602712631,0.039602629840374,51.0,1.51327621936798,0.375278204679489,0.416216135025024,0.326528161764145,0.331031650304794,"[{'zh': '细胞', 'rcs': 0.5658032298088074, 'w': 0.6734718358099498}]","[{'zh': '电话', 'rcs': 0.4296647608280182, 'w': 0.6689683530984972}]",1.06787546037641,4,5,细胞,电话,0.69735515,0.7446308,0.720993,0.19988123,0.08842685,0.14415404,,
cell,split,,M+E-,细胞,分裂,FALSE,FALSE,FALSE,0.0,0.0139673938974738,0.0449438206851482,0.0429598987102509,0.0920514091849327,0.0,1.24309802055359,0.565803229808807,0.246595963835716,0.673471808433533,0.461451411247253,"[{'zh': '电池', 'rcs': 0.3752782046794891, 'w': 0.3265281641900501}]","[{'zh': '分离', 'rcs': 0.2221004962921142, 'w': 0.27476371614688927}, {'zh': '分开', 'rcs': 0.2601527571678161, 'w': 0.26378487540017903}]",0.687759018478743,4,5,细胞,分裂,0.69735515,0.68003774,0.68869644,0.19988123,0.08168606,0.14078364,,
cell,jail,,M-E+,,,FALSE,FALSE,FALSE,0.120689652860165,0.0,,0.211220115423203,0.0108932387083769,28.0,0.0,,,,,,,0.391562322584128,4,4,细胞,监狱,0.69735515,0.78983456,0.7435949,0.19988123,0.33836442,0.26912284,,
chop,knife,,M+E+,砍,刀,FALSE,,,0.110526315867901,0.0254913959652185,0.160377353429794,0.316086709499359,0.168254032731056,21.0,2.70208787918091,0.285966873168945,0.451748669147491,0.497281402349472,0.319630593061447,"[{'zh': '劈', 'rcs': 0.3510035276412964, 'w': 0.5027185974379433}]","[{'zh': '刀子', 'rcs': 0.5002323985099792, 'w': 0.6803694095529377}]",0.91412849207788,4,5,劈,刀子,0.6405899,0.8075766,0.72408324,0.25464034,0.6887677,0.471704,,
chop,log,,M+E-,劈,木头,FALSE,FALSE,FALSE,0.0,0.0287267751991749,0.0571428574621677,0.0625597909092903,0.176001772284508,0.0,2.01087427139282,0.351003527641296,0.271810978651047,0.502718567848206,1.0,"[{'zh': '砍', 'rcs': 0.2859668731689453, 'w': 0.4972814025620566}]",[],0.664925170118607,4,3,劈,木头,0.6405899,0.61934423,0.6299671,0.25464034,0.2735067,0.26407352,,
chop,pork,,M-E+,,,FALSE,FALSE,FALSE,0.0894736871123314,0.0,,0.376652091741562,0.0271468032151461,17.0,0.0,,,,,,,0.321526538576518,4,4,劈,猪肉,0.6405899,0.8564856,0.7485378,0.25464034,0.5490882,0.40186426,,
knight,sword,,M+E+,骑士,剑,FALSE,,,0.100502513349056,0.0208736080676317,0.0423728823661804,0.42133304476738,0.143893465399742,20.0,2.46308541297913,0.370163768529892,0.399658501148224,0.753807723522186,0.653504967689514,"[{'zh': '爵士', 'rcs': 0.2292007505893707, 'w': 0.24619225649468346}]","[{'zh': '刀', 'rcs': 0.3880504071712494, 'w': 0.3464950224921284}]",0.502711765881639,6,5,骑士,剑,0.7385294,0.7492657,0.74389756,0.33574829,0.34472117,0.34023473,,
knight,music,,M+E-,爵士,音乐,FALSE,FALSE,FALSE,0.0,0.0285755805671215,0.298969060182571,0.0063212611712515,0.0438236109912396,0.0,2.77183151245117,0.229200750589371,0.435087114572525,0.246192261576653,0.38823476433754,"[{'zh': '骑士', 'rcs': 0.3701637685298919, 'w': 0.7538077435053165}]","[{'zh': '乐谱', 'rcs': 0.2720466256141662, 'w': 0.38823476818978614}, {'zh': '乐曲', 'rcs': 0.3667509257793426, 'w': 0.2235304636204278}]",1.14748134047002,6,5,骑士,音乐,0.7385294,0.8164149,0.77747214,0.33574829,0.3563554,0.34605184,,poor translation
knight,table,,M-E+,,,,,,0.030150754377245900,0.0,,0.025598274543881400,0.012136305682361100,6.0,0.0,,,,,,,0.8926890465416270,6,5,骑士,表,0.7385294,0.6845784,0.71155393,0.33574829,0.04760247,0.19167538,y,global uniqueness
laser,surgery,,M+E+,激光,手术,FALSE,FALSE,FALSE,0.0659898445010185,0.148936167359352,0.148936167359352,0.195701479911804,0.270099997520447,13.0,14.0,0.57249653339386,0.550681948661804,1.0,1.0,[],[],1.21931286435045,5,7,激光,手术,0.7685543,0.787066,0.7778101,0.2512124,0.16315109,0.20718174,,
laser,arms,,M+E-,激光,武器,FALSE,FALSE,FALSE,0.0,0.03050172701478,0.0531914904713631,0.0422215014696121,0.115718670189381,0.0,2.86716222763062,0.57249653339386,0.296393841505051,1.0,0.573432445526123,[],"[{'zh': '兵器', 'rcs': 0.2892235517501831, 'w': 0.4265675521178863}]",1.24157555986986,5,4,激光,武器,0.7685543,0.5700322,0.6692932,0.2512124,0.08172515,0.16646877,,
laser,space,No replacement,M-E+,,,FALSE,TRUE,TRUE,0.0152284260839224,0.0,,0.154115408658981,0.023046188056469,3.0,0.0,,,,,,,1.42702348906244,5,5,激光,空间,0.7685543,0.6740433,0.7212988,0.2512124,0.266436,0.2588242,,
laugh,teeth,,M+E+,大笑,牙齿,FALSE,FALSE,FALSE,0.0258620698004961,0.0135000329464674,0.0697674453258514,0.075140193104744,0.0362619869410992,3.0,1.1610027551651,0.464120149612427,0.549432039260864,0.389893859624863,0.496290117502213,"[{'zh': '笑声', 'rcs': 0.4315326511859894, 'w': 0.3539020323843083}, {'zh': '笑', 'rcs': 0.4041086435317993, 'w': 0.25620411067862575}]","[{'zh': '牙', 'rcs': 0.283527672290802, 'w': 0.5037098760926835}]",0.717381406885537,5,5,大笑,牙,0.75537825,0.77567595,0.7655271,0.26593342,0.3219151,0.29392427,,
laugh,voice,No replacement,M+E-,笑声,声音,FALSE,TRUE,TRUE,0.0,0.0140159223228693,0.0396039597690105,0.0741213485598564,0.116469167172909,0.0,1.41560816764832,0.431532651185989,0.434692621231079,0.353902041912079,1.0,"[{'zh': '大笑', 'rcs': 0.4641201496124267, 'w': 0.389893856937066}, {'zh': '笑', 'rcs': 0.4041086435317993, 'w': 0.25620411067862575}]",[],0.186167471217864,5,5,大笑,声音,0.75537825,0.7235539,0.7394661,0.26593342,0.20194404,0.23393872,,
laugh,belly,,M-E+,,,FALSE,FALSE,FALSE,0.0258620698004961,0.0,,0.128469929099083,0.019065810367465,3.0,0.0,,,,,,,0.934915121037302,5,5,大笑,肚子,0.75537825,0.7772397,0.76630896,0.26593342,0.24125734,0.25359538,,
lift,rise,"“Rise” is a better cue, no other M+E+ targets",M+E+,电梯,上升,TRUE,TRUE,TRUE,0.0301204826682806,0.0218019783496857,0.0347826071083546,0.342477947473526,0.158895552158356,5.0,2.50722742080688,0.28491798043251,0.310974210500717,0.755830764770508,0.82929527759552,"[{'zh': '移动', 'rcs': 0.3695006072521209, 'w': 0.24416924500773757}]","[{'zh': '增长', 'rcs': 0.2891542613506317, 'w': 0.17070472211336812}]",0.183542576306198,4,4,电梯,上升,0.6691163,0.65922374,0.66417,0.053380553,0.22844301,0.14091179,,
lift,mirror,,M+E-,电梯,镜子,TRUE,FALSE,TRUE,0.0,0.0197173245251179,0.0260869562625885,0.0178187415003777,0.0620537027716637,0.0,2.26749229431152,0.28491798043251,0.403297424316406,0.755830764770508,1.0,"[{'zh': '移动', 'rcs': 0.3695006072521209, 'w': 0.24416924500773757}]",[],1.41362825219445,4,6,电梯,镜子,0.6691163,0.7085929,0.6888546,0.053380553,0.117079146,0.08522985,,
lift,raise,,M-E+,,,TRUE,FALSE,TRUE,0.114457830786705,0.0,,0.297010511159897,0.0172830056399107,19.0,0.0,,,,,,,0.556756821741713,4,5,电梯,培育,0.6691163,0.64813256,0.6586244,0.053380553,0.1448494,0.09911498,,
media,news,,M+E+,媒体,新闻,FALSE,FALSE,FALSE,0.140096619725227,0.0540264695882797,0.151785716414452,0.370339959859848,0.17729327082634,29.0,6.05096435546875,0.35856705904007,0.418545007705689,0.5,0.711878180503845,"[{'zh': '传媒', 'rcs': 0.2715575098991394, 'w': 0.5}]","[{'zh': '消息', 'rcs': 0.2309300005435943, 'w': 0.2881218429053617}]",1.19446486688597,5,4,媒体,新闻,0.7705258,0.7357612,0.75314355,0.5171616,0.16517748,0.34116954,,
media,campus,,M+E-,传媒,大学,FALSE,FALSE,FALSE,0.0,0.0084872217848897,0.114754095673561,0.0304091274738312,0.0149113973602653,0.0,1.03544104099274,0.271557509899139,0.213780298829079,0.5,0.147920146584511,"[{'zh': '媒体', 'rcs': 0.3585670590400696, 'w': 0.5}]","[{'zh': '校园', 'rcs': 0.3047914206981659, 'w': 0.8520798559841679}]",1.18132240176396,5,6,媒体,校园,0.7705258,0.68898064,0.72975326,0.5171616,0.26682115,0.39199138,,poor translation
media,music,,M-E+,,,,,,0.019323671236634300,0.0,,0.05139186233282090,0.010657045058906100,4.0,0.0,,,,,,,1.2466904011059600,5,5,媒体,音乐,0.7705258,0.8164149,0.7934704,0.5171616,0.3563554,0.43675852,y,global uniqueness
milk,liquid,,M+E+,牛奶,液体,,,,0.019108280539512600,0.013274336233735100,,0.23141302168369300,0.15000000596046400,3.0,1.5,0.6177763938903810,0.6036389470100400,0.5,1.0,"[{'zh': '奶', 'rcs': 0.5055748224258423, 'w': 0.5}]",[],1.350236116170070,4,6,牛奶,液体,0.8443462,0.8113278,0.827837,0.17669687,0.6550811,0.41588897,y,global uniqueness
milk,mum,,M+E-,奶,妈,FALSE,FALSE,FALSE,0.0,0.0107216406613588,0.0366972461342812,0.0409995764493942,0.06512351334095,0.0,1.16865885257721,0.505574822425842,0.376271456480026,0.5,0.584329426288605,"[{'zh': '牛奶', 'rcs': 0.6177763938903809, 'w': 0.5}]","[{'zh': '妈妈', 'rcs': 0.4451901316642761, 'w': 0.41567056225558385}]",0.970604203809496,4,3,牛奶,妈,0.8443462,0.72782457,0.78608537,0.17669687,0.3069125,0.24180469,,
milk,baby,,M-E+,,,FALSE,FALSE,FALSE,0.0254777073860168,0.0,,0.0674977153539658,0.0239605698734522,4.0,0.0,,,,,,,1.34481243444943,4,4,牛奶,小孩,0.8443462,0.73960555,0.79197586,0.17669687,0.19951873,0.18810779,,
monkey,banana,,M+E+,猴子,香蕉,,FALSE,TRUE,0.107623316347599,0.0324790813028812,0.0823529437184334,0.17200368642807,0.136103570461273,24.0,2.7607216835022,0.499360799789429,0.55774462223053,0.394388824701309,1.0,"[{'zh': '猴', 'rcs': 0.4219879508018493, 'w': 0.39438882057389607}, {'zh': '捣蛋鬼', 'rcs': 0.3786680400371551, 'w': 0.21122235885220783}]",[],0.622564857061002,6,6,猴子,香蕉,0.803336,0.8444719,0.8239039,0.5658823,0.8898525,0.7278674,,
monkey,person,,M+E-,猴子,人,,FALSE,TRUE,0.0,0.0185594744980335,0.0470588244497776,0.034276332706213,0.0355344340205193,0.0,1.57755529880524,0.499360799789429,0.234289035201073,0.394388824701309,1.0,"[{'zh': '猴', 'rcs': 0.4219879508018493, 'w': 0.39438882057389607}, {'zh': '捣蛋鬼', 'rcs': 0.3786680400371551, 'w': 0.21122235885220783}]",[],1.01383447626089,6,6,猴子,人,0.803336,0.69399196,0.748664,0.5658823,0.08301145,0.3244469,,
monkey,wrench,,M-E+,,,,FALSE,TRUE,0.0134529145434499,0.0,,0.107624627649784,0.0207448527216911,3.0,0.0,,,,,,,1.15294448021709,6,6,猴子,扳手,0.803336,0.7390088,0.7711724,0.5658823,0.29183486,0.42885858,,
motion,movement,No replacement,M+E+,动,运动,FALSE,TRUE,TRUE,0.150485441088676,0.01109329611063,0.0666666701436043,0.375757455825806,0.0386712290346623,31.0,1.33119547367096,0.203738108277321,0.345899760723114,0.411039143800736,0.404826253652573,"[{'zh': '动作', 'rcs': 0.2580753862857818, 'w': 0.4110391564354223}, {'zh': '移动', 'rcs': 0.2366111874580383, 'w': 0.17792168712915535}]","[{'zh': '进步', 'rcs': 0.2919689416885376, 'w': 0.5951737585287443}]",0.992181289129332,6,8,动作,进步,0.7093724,0.62111986,0.6652461,0.14263941,0.13152725,0.13708332,,
motion,movie,,M+E-,动作,电影,FALSE,FALSE,FALSE,0.0,0.0570887736976147,0.138888895511627,0.0378700904548168,0.055202554911375,0.0,6.16558694839478,0.258075386285782,0.40373095870018,0.411039143800736,1.0,"[{'zh': '动', 'rcs': 0.2037381082773208, 'w': 0.4110391564354223}, {'zh': '移动', 'rcs': 0.2366111874580383, 'w': 0.17792168712915535}]",[],1.34300666183854,6,5,动作,电影,0.7093724,0.75840205,0.7338872,0.14263941,0.6955069,0.41907313,,
motion,picture,,M-E+,,,,,,0.02427184395492080,0.0,,0.06078825518488880,0.0103998314589262,5.0,0.0,,,,,,,1.3582599664198700,6,7,动作,图像,0.7093724,0.7309157,0.72014403,0.14263941,0.3858099,0.26422465,y,global uniqueness
nail,metal,,M+E+,钉,金属,FALSE,,,0.0687022879719734,0.0146945677697659,0.0357142873108387,0.163707613945007,0.090395100414753,9.0,1.23434364795685,0.494232714176178,0.488055735826492,0.411447882652283,1.0,"[{'zh': '指甲', 'rcs': 0.4805534183979034, 'w': 0.41144787488859724}, {'zh': '钉子', 'rcs': 0.4445976316928863, 'w': 0.17710425022280543}]",[],0.488954245361935,4,5,钉,金属,0.7656059,0.79557395,0.78058994,0.11914565,0.69042593,0.40478578,,
nail,oil,,M+E-,指甲,油,FALSE,FALSE,FALSE,0.0,0.0347492694854736,0.104477614164352,0.0215703062713146,0.0741033107042313,0.0,2.32820081710815,0.480553418397903,0.436890631914139,0.411447882652283,0.808365166187286,"[{'zh': '钉', 'rcs': 0.494232714176178, 'w': 0.41144787488859724}, {'zh': '钉子', 'rcs': 0.4445976316928863, 'w': 0.17710425022280543}]","[{'zh': '石油', 'rcs': 0.476806104183197, 'w': 0.19163481615261352}]",0.646228967384045,4,3,钉,油,0.7656059,0.73983413,0.75272,0.11914565,0.23999403,0.17956984,,
nail,bed,,M-E+,,,FALSE,FALSE,FALSE,0.0305343512445688,0.0,,0.0404001250863075,0.012775456532836,4.0,0.0,,,,,,,1.33942855441997,4,3,钉,底层,0.7656059,0.7466802,0.7561431,0.11914565,0.49461982,0.30688274,,
navy,blue,,M+E+,海军,蓝色,FALSE,FALSE,FALSE,0.199186995625496,0.0233644861727953,0.0467289723455906,0.188165739178658,0.110500000417233,49.0,2.5,0.572151124477387,0.380173265933991,1.0,0.5,[],"[{'zh': '蓝', 'rcs': 0.3567917346954345, 'w': 0.5}]",0.764372181472357,4,4,海军,蓝色,0.82606906,0.81527954,0.8206743,0.42394558,0.55630505,0.4901253,,
navy,white,,M+E-,海军,白色,FALSE,,,0.0,0.0116822430863976,0.0467289723455906,0.0328019969165325,0.0190750006586313,0.0,1.25,0.572151124477387,0.451515376567841,1.0,0.25,[],"[{'zh': '白', 'rcs': 0.2417072206735611, 'w': 0.25}, {'zh': '雪白', 'rcs': 0.4313930571079254, 'w': 0.25}, {'zh': '白色的', 'rcs': 0.4358446896076202, 'w': 0.25}]",1.13590649985304,4,5,海军,白,0.82606906,0.7987871,0.8124281,0.42394558,0.652965,0.5384553,,
navy,bean,,M-E+,,,FALSE,FALSE,FALSE,0.0203252024948597,0.0,,0.0824291110038757,0.0053666671738028,5.0,0.0,,,,,,,1.23016622208895,4,4,海军,豆豆,0.82606906,0.8341423,0.83010566,0.42394558,0.22804466,0.32599512,,
nerve,brain,,M+E+,神经,大脑,FALSE,FALSE,FALSE,0.121387280523777,0.0315205901861191,0.0806451588869095,0.248627215623856,0.162890061736107,21.0,3.90855312347412,0.576898813247681,0.551714956760407,1.0,0.390855312347412,[],"[{'zh': '脑', 'rcs': 0.4921719133853912, 'w': 0.47670489913630926}, {'zh': '智力', 'rcs': 0.3047632277011871, 'w': 0.13243978150903857}]",0.994391632521706,5,5,神经,脑,0.6554417,0.7237043,0.689573,0.31645396,0.16811858,0.24228626,,
nerve,network,,M+E-,神经,网络,FALSE,FALSE,FALSE,0.0,0.0241935476660728,0.0241935476660728,0.0650590285658836,0.0621999986469746,0.0,3.0,0.576898813247681,0.322317510843277,1.0,1.0,[],[],1.17910318282792,5,7,神经,网络,0.6554417,0.7353553,0.6953985,0.31645396,0.5686431,0.4425485,,high en rw
nerve,steel,,M-E+,,,FALSE,FALSE,FALSE,0.0289017334580421,0.0,,0.0406208820641041,0.0166923850774765,5.0,0.0,,,,,,,0.924897033220649,5,5,神经,钢,0.6554417,0.7872494,0.72134554,0.31645396,0.5706547,0.44355434,,
pier,boat,,M+E+,码头,船,FALSE,FALSE,FALSE,0.125683054327965,0.0723898410797119,0.215909093618393,0.47723987698555,0.318866521120071,23.0,6.37030601501465,0.583780586719513,0.562246561050415,1.0,0.335279256105423,[],"[{'zh': '小船', 'rcs': 0.533439040184021, 'w': 0.6647207355631239}]",1.47827147113352,4,4,码头,小船,0.7989633,0.82973105,0.81434715,0.23891924,0.2317743,0.23534676,,
pier,worker,,M+E-,码头,工人,FALSE,FALSE,FALSE,0.0,0.0146735077723861,0.0340909101068974,0.0281621739268303,0.0437309630215168,0.0,1.29126858711243,0.583780586719513,0.452265560626984,1.0,0.430422872304916,[],"[{'zh': '雇员', 'rcs': 0.3635508120059967, 'w': 0.24003656820420624}, {'zh': '员工', 'rcs': 0.4414107203483581, 'w': 0.23406585525535825}, {'zh': '人员', 'rcs': 0.2698992788791656, 'w': 0.09547470990835677}]",1.00949875400977,4,6,码头,工人,0.7989633,0.72683734,0.76290035,0.23891924,0.21142602,0.22517264,,
pier,wood,No replacement,M-E+,,,FALSE,TRUE,TRUE,0.0218579228967428,0.0,,0.109379626810551,0.0179302506148815,4.0,0.0,,,,,,,0.794639522187017,4,4,码头,林地,0.7989633,0.72057724,0.7597703,0.23891924,0.37188697,0.3054031,,
plant,seed,,M+E+,播种,种子,,,,0.035211268812418000,0.00946693867444992,,0.4020313322544100,0.05656569078564640,5.0,1.1360327005386400,0.3342699110507970,0.4328450262546540,0.20092637836933100,0.43492114543914800,"[{'zh': '设备', 'rcs': 0.2381909489631652, 'w': 0.4180537806850469}, {'zh': '植物', 'rcs': 0.4080849587917328, 'w': 0.1669940977749877}, {'zh': '种植', 'rcs': 0.3710850477218628, 'w': 0.1275964458819257}, {'zh': '工厂', 'rcs': 0.2790567874908447, 'w': 0.08642930388166525}]","[{'zh': '籽', 'rcs': 0.4173360764980316, 'w': 0.434921139194548}, {'zh': '繁殖', 'rcs': 0.2529305219650268, 'w': 0.06821957904804797}, {'zh': '精液', 'rcs': 0.2777043282985687, 'w': 0.06193814256285602}]",0.8520953319240740,5,4,设备,籽,0.5745459,0.81559324,0.69506955,0.09775641,0.15176314,0.12475978,y,global uniqueness
plant,worker,,M+E-,工厂,工人,,,,0.0,0.007737839128822090,,0.03799865022301670,0.024309882894158400,0.0,0.9672298431396480,0.2790567874908450,0.4522655606269840,0.08642930537462230,0.4304228723049160,"[{'zh': '设备', 'rcs': 0.2381909489631652, 'w': 0.4180537806850469}, {'zh': '播种', 'rcs': 0.3342699110507965, 'w': 0.20092637177637448}, {'zh': '植物', 'rcs': 0.4080849587917328, 'w': 0.1669940977749877}, {'zh': '种植', 'rcs': 0.3710850477218628, 'w': 0.1275964458819257}]","[{'zh': '雇员', 'rcs': 0.3635508120059967, 'w': 0.24003656820420624}, {'zh': '员工', 'rcs': 0.4414107203483581, 'w': 0.23406585525535825}, {'zh': '人员', 'rcs': 0.2698992788791656, 'w': 0.09547470990835677}]",0.7146633270632170,5,6,设备,工人,0.5745459,0.72683734,0.6506916,0.09775641,0.21142602,0.15459122,y,global uniqueness
plant,pot,,M-E+,,,FALSE,FALSE,FALSE,0.070422537624836,0.0,,0.258115589618683,0.0057286778464913,10.0,0.0,,,,,,,0.977684620764733,5,3,设备,锅,0.5745459,0.7677407,0.6711433,0.09775641,0.2769282,0.1873423,,
post,letter,,M+E+,邮政,信件,FALSE,FALSE,FALSE,0.0495495460927486,0.0125994738191366,0.0315789468586445,0.376313805580139,0.346065431833267,11.0,1.19694995880127,0.205742284655571,0.459289312362671,1.0,0.398983329534531,[],"[{'zh': '书信', 'rcs': 0.4381456077098846, 'w': 0.601016682430027}]",1.15642635336154,4,6,邮政,书信,0.6693432,0.72047174,0.6949074,0.055568572,0.36632788,0.21094823,,
post,slow,,M+E-,邮政,慢,FALSE,FALSE,FALSE,0.0,0.126315787434578,0.126315787434578,0.0410152673721314,0.150999993085861,0.0,12.0,0.205742284655571,0.352245062589645,1.0,1.0,[],[],1.06003665729132,4,4,邮政,慢,0.6693432,0.7629393,0.7161412,0.055568572,0.34552816,0.20054837,,
post,pole,,M-E+,,,FALSE,FALSE,FALSE,0.0405405424535275,0.0,,0.105507336556911,0.011400000192225,9.0,0.0,,,,,,,0.612387466214634,4,4,邮政,杆,0.6693432,0.7120809,0.69071203,0.055568572,0.0055285897,0.03054858,,
prick,needle,,M+E+,刺痛,针,FALSE,FALSE,FALSE,0.11458332836628,0.0353641323745251,0.115384615957737,0.383316427469254,0.160048633813858,22.0,3.67787003517151,0.38950902223587,0.526354730129242,0.701804876327515,0.436715632677078,"[{'zh': '戳', 'rcs': 0.2868856191635132, 'w': 0.15544444387061235}, {'zh': '刺', 'rcs': 0.2932660281658172, 'w': 0.14275065848627358}]","[{'zh': '针头', 'rcs': 0.5342175364494324, 'w': 0.43671563189910584}, {'zh': '指针', 'rcs': 0.2426190823316574, 'w': 0.1265687362017882}]",1.0748516502502,5,6,刺痛,针,0.6934977,0.7083572,0.7009275,0.314972,0.23918825,0.27708012,,
prick,skin,No replacement,M+E-,刺痛,皮肤,FALSE,TRUE,TRUE,0.0,0.0096955625340342,0.0288461539894342,0.0553560964763165,0.0604667067527771,0.0,1.00833857059479,0.38950902223587,0.56460452079773,0.701804876327515,0.478926360607147,"[{'zh': '戳', 'rcs': 0.2868856191635132, 'w': 0.15544444387061235}, {'zh': '刺', 'rcs': 0.2932660281658172, 'w': 0.14275065848627358}]","[{'zh': '壳', 'rcs': 0.3820466101169586, 'w': 0.1817293657600022}, {'zh': '剥皮', 'rcs': 0.3006784617900848, 'w': 0.17885542186769768}, {'zh': '毛皮', 'rcs': 0.363589197397232, 'w': 0.16048884487323642}]",1.13661501714652,5,4,刺痛,皮肤,0.6934977,0.7957984,0.7446481,0.314972,0.27219588,0.29358393,,
prick,pin,,M-E+,,,FALSE,FALSE,FALSE,0.0885416716337204,0.0,,0.237132057547569,0.0108097111806273,17.0,0.0,,,,,,,1.35712749587405,5,3,刺痛,旗杆,0.6934977,0.6037958,0.6486468,0.314972,0.0131251495,0.16404858,,
prince,queen,,M+E+,国王,王后,FALSE,FALSE,FALSE,0.0536585412919521,0.0132452957332134,0.133333340287209,0.509624361991882,0.123565874993801,11.0,1.58943545818329,0.475086122751236,0.374015063047409,0.298019140958786,0.333333343267441,"[{'zh': '王子', 'rcs': 0.2860147953033447, 'w': 0.6380337896361722}, {'zh': '贵族', 'rcs': 0.3622331321239471, 'w': 0.06394705671830593}]","[{'zh': '女王', 'rcs': 0.3969371914863586, 'w': 0.3333333333333333}, {'zh': '皇后', 'rcs': 0.3590055704116821, 'w': 0.3333333333333333}]",0.49638803169756,6,5,王子,王后,0.7846712,0.7987373,0.79170424,0.70466113,0.523819,0.61424005,,
prince,state,"No replacement, border-state is better",M+E-,国王,国家,FALSE,TRUE,TRUE,0.0,0.0164083689451218,0.0750000029802322,0.0459408648312092,0.0441275723278523,0.0,1.96900427341461,0.475086122751236,0.293639481067657,0.298019140958786,0.734108030796051,"[{'zh': '王子', 'rcs': 0.2860147953033447, 'w': 0.6380337896361722}, {'zh': '贵族', 'rcs': 0.3622331321239471, 'w': 0.06394705671830593}]","[{'zh': '规定', 'rcs': 0.2473006099462509, 'w': 0.26589196465579745}]",1.09518939778323,6,5,王子,国家,0.7846712,0.7015089,0.74309003,0.70466113,0.25638014,0.48052064,,
prince,singer,,M-E+,,,FALSE,,,0.0243902485817671,0.0,,0.126476317644119,0.0378992073237896,5.0,0.0,,,,,,,0.59486391242989,6,6,王子,歌手,0.7846712,0.78461635,0.78464377,0.70466113,0.40966824,0.55716467,,
racket,tennis,,M+E+,球拍,网球,FALSE,FALSE,FALSE,0.300884932279587,0.175925925374031,0.175925925374031,0.398896485567093,0.751800000667572,68.0,19.0,0.265652418136597,0.572774291038513,1.0,1.0,[],[],0.363948941699475,6,6,球拍,网球,0.5815467,0.7393462,0.66044647,0.73034674,0.5518939,0.6411203,,
racket,movement,No replacement,M+E-,球拍,运动,FALSE,TRUE,TRUE,0.0,0.0262387376278639,0.0648148134350777,0.0254822038114071,0.196300253272057,0.0,2.83378386497498,0.265652418136597,0.345899760723114,1.0,0.404826253652573,[],"[{'zh': '进步', 'rcs': 0.2919689416885376, 'w': 0.5951737585287443}]",1.19534145951045,6,8,球拍,进步,0.5815467,0.62111986,0.60133326,0.73034674,0.13152725,0.430937,,
racket,noise,,M-E+,,,FALSE,FALSE,FALSE,0.238938048481941,0.0,,0.240984737873077,0.0041797831654548,54.0,0.0,,,,,,,1.18859182884693,6,5,球拍,干扰,0.5815467,0.7475443,0.66454554,0.73034674,0.06307412,0.39671043,,
riding,saddle,,M+E+,骑马,马鞍,FALSE,FALSE,FALSE,0.0472440868616104,0.0493827164173126,0.0493827164173126,0.476976901292801,0.495200008153915,6.0,4.0,0.344992280006409,0.291984289884567,1.0,1.0,[],[],1.0102230238544,6,6,骑马,马鞍,0.6668382,0.6921119,0.67947507,0.23870078,0.32381082,0.28125578,,
riding,quick,,M+E-,骑马,快,FALSE,FALSE,FALSE,0.0,0.0370370373129845,0.0370370373129845,0.0520989261567593,0.118299998342991,0.0,3.0,0.344992280006409,0.256852805614471,1.0,1.0,[],[],1.4287530675134,6,5,骑马,快,0.6668382,0.7524308,0.70963454,0.23870078,0.47288588,0.35579333,,
riding,train,No replacement,M-E+,,,FALSE,TRUE,TRUE,0.0236220546066761,0.0,,0.278559118509293,0.0397999994456768,3.0,0.0,,,,,,,0.975752464232582,6,5,骑马,火车,0.6668382,0.78923094,0.7280346,0.23870078,0.15093203,0.19481641,,
rise,lift,Conflict with “lift”,M+E+,上升,电梯,TRUE,TRUE,TRUE,0.0618556663393974,0.0387715585529804,0.0618556700646877,0.342477947473526,0.158895552158356,12.0,3.7608413696289100,0.310974210500717,0.28491798043251,0.82929527759552,0.755830764770508,"[{'zh': '增长', 'rcs': 0.2891542613506317, 'w': 0.17070472211336812}]","[{'zh': '移动', 'rcs': 0.3695006072521209, 'w': 0.24416924500773757}]",0.183542576306198,4,4,上升,电梯,0.65922374,0.6691163,0.66417,0.22844301,0.053380553,0.14091179,,
rise,space,No replacement,M+E-,上升,空间,TRUE,TRUE,TRUE,0.0,0.0108657302334905,0.0309278350323439,0.0251129101961851,0.0383647195994854,0.0,1.05397593975067,0.310974210500717,0.444101363420486,0.82929527759552,0.423643171787262,"[{'zh': '增长', 'rcs': 0.2891542613506317, 'w': 0.17070472211336812}]","[{'zh': '空隙', 'rcs': 0.2548846900463104, 'w': 0.42364316696716553}, {'zh': '空格', 'rcs': 0.2406511604785919, 'w': 0.15271366606566908}]",0.824730038123184,4,5,上升,空间,0.65922374,0.6740433,0.6666335,0.22844301,0.266436,0.2474395,,
rise,bread,,M-E+,,,TRUE,FALSE,TRUE,0.0773195847868919,0.0,,0.157377436757088,0.0163371171802282,15.0,0.0,,,,,,,0.956145062734177,4,5,上升,面包,0.65922374,0.8496332,0.7544285,0.22844301,0.3416906,0.2850668,,
rough,surface,,M+E+,粗糙,表面,,,,0.01960783638060090,0.00903849583119154,,0.18959073722362500,0.059648651629686400,4.0,0.9219265580177310,0.2128840833902360,0.4597764015197750,0.6525465250015260,0.4709378480911260,"[{'zh': '粗', 'rcs': 0.2246107459068298, 'w': 0.347453464119419}]","[{'zh': '地面', 'rcs': 0.3728223741054535, 'w': 0.27485648871479795}, {'zh': '水面', 'rcs': 0.3617261946201324, 'w': 0.254205665778606}]",1.1199245251361200,5,7,粗糙,表面,0.7057622,0.78162175,0.743692,0.39005485,0.28335783,0.33670634,y,global uniqueness
rough,thin,No replacement,M+E-,粗,细,,TRUE,TRUE,0.0,0.0344581939280033,0.198347106575966,0.027040671557188,0.0891218185424805,0.0,4.1694416999816900,0.22461074590683,0.299919337034225,0.347453474998474,0.5,"[{'zh': '粗糙', 'rcs': 0.2128840833902359, 'w': 0.6525465358805811}]","[{'zh': '薄', 'rcs': 0.4066925942897796, 'w': 0.5}]",0.588714216803083,5,4,粗糙,薄,0.7057622,0.75006765,0.7279149,0.39005485,0.49417633,0.4421156,,
rough,tough,,M-E+,,,,FALSE,TRUE,0.112745091319084,0.0,,0.212701827287674,0.018467066809535,23.0,0.0,,,,,,,1.33352818587239,5,5,粗糙,难,0.7057622,0.5257976,0.6157799,0.39005485,0.013533704,0.20179428,,
sack,pack,,M+E+,袋子,装,,FALSE,TRUE,0.0156250055879354,0.0280373822897673,0.0280373822897673,0.260826230049133,0.393900007009506,3.0,3.0,0.228073462843895,0.302848279476166,1.0,1.0,[],[],1.1529667055217,4,4,袋子,装,0.7359671,0.6118962,0.67393166,0.12801418,0.038814045,0.08341411,,
sack,plastic,,M+E-,袋子,塑料袋,,FALSE,TRUE,0.0,0.0510045364499092,0.112149529159069,0.0633575469255447,0.227759063243866,0.0,5.45748519897461,0.228073462843895,0.578488409519196,1.0,0.393612712621689,[],"[{'zh': '塑料', 'rcs': 0.5795463919639587, 'w': 0.6063872741703015}]",1.4701775964521,4,7,袋子,塑料,0.7359671,0.79986227,0.76791465,0.12801418,0.16726188,0.14763802,,
sack,potato,,M-E+,,,,FALSE,TRUE,0.078125,0.0,,0.193741470575333,0.0398500002920628,15.0,0.0,,,,,,,0.973128616350587,4,6,袋子,马铃薯,0.7359671,0.8585923,0.7972797,0.12801418,0.2965405,0.21227734,,
salute,military,,M+E+,敬礼,军人,FALSE,FALSE,FALSE,0.171123042702675,0.0288693010807037,0.227272734045982,0.289822995662689,0.0589018128812313,32.0,3.17562317848206,0.354029655456543,0.310607731342316,0.544654607772827,0.233221054077148,"[{'zh': '致敬', 'rcs': 0.3040205538272857, 'w': 0.26999046499469515}, {'zh': '致意', 'rcs': 0.272709310054779, 'w': 0.1853549058641541}]","[{'zh': '军事', 'rcs': 0.4116553962230682, 'w': 0.5755468789631837}, {'zh': '军队', 'rcs': 0.4304167330265045, 'w': 0.19123206161084616}]",1.42283755458156,6,8,敬礼,军事,0.7048079,0.76135147,0.7330797,0.5883543,0.24250275,0.41542852,,
salute,martyr,,M+E-,致敬,烈士,FALSE,FALSE,FALSE,0.0,0.0189466997981071,0.070175439119339,0.055254802107811,0.221020847558975,0.0,2.15992379188538,0.304020553827286,0.259058058261871,0.269990473985672,1.0,"[{'zh': '敬礼', 'rcs': 0.3540296554565429, 'w': 0.5446546291411507}, {'zh': '致意', 'rcs': 0.272709310054779, 'w': 0.1853549058641541}]",[],1.43170067620393,6,6,敬礼,烈士,0.7048079,0.57752943,0.64116865,0.5883543,0.19068871,0.3895215,,
salute,parade,,M-E+,,,FALSE,FALSE,FALSE,0.0320855565369129,0.0,,0.196564242243767,0.0168056506663561,6.0,0.0,,,,,,,0.314963843695578,6,6,敬礼,展览,0.7048079,0.52237904,0.61359346,0.5883543,0.0044025993,0.29637843,,
scream,yell,,M+E+,尖叫,呐喊,,FALSE,TRUE,0.160621717572212,0.0111611867323518,0.0254237279295921,0.391147255897522,0.172880828380585,31.0,1.3170200586319,0.447117924690247,0.280737221240997,1.0,0.439006686210632,[],"[{'zh': '喊叫', 'rcs': 0.4403048455715179, 'w': 0.22782320362578054}, {'zh': '欢呼', 'rcs': 0.3175866305828094, 'w': 0.18876978998664773}, {'zh': '叫嚷', 'rcs': 0.393348753452301, 'w': 0.14440030688877328}]",1.07936200487412,6,4,尖叫,呐喊,0.7379725,0.75857437,0.74827343,0.41177428,0.42855528,0.42016476,,
scream,lady,,M+E-,尖叫,女生,,FALSE,TRUE,0.0,0.0095838075503706,0.0423728823661804,0.0087919058278203,0.021215483546257,0.0,1.13088929653168,0.447117924690247,0.257099211215973,1.0,0.226177856326103,[],"[{'zh': '女', 'rcs': 0.3753880858421325, 'w': 0.22617785022206596}, {'zh': '淑女', 'rcs': 0.3811275660991668, 'w': 0.22617785022206596}, {'zh': '女子', 'rcs': 0.2242671996355056, 'w': 0.22617785022206596}, {'zh': '女人', 'rcs': 0.3171866238117218, 'w': 0.09528859911173618}]",1.49629488980808,6,4,尖叫,女,0.7379725,0.70106053,0.7195165,0.41177428,0.101873435,0.25682387,,
scream,pain,,M-E+,,,,FALSE,TRUE,0.0310880914330483,0.0,,0.198126584291458,0.0235461574047804,6.0,0.0,,,,,,,1.42575309641936,6,4,尖叫,伤痛,0.7379725,0.7658408,0.75190663,0.41177428,0.30135605,0.35656518,,
seal,letter,,M+E+,密封,信件,,,,0.05063290894031530,0.010075336322188400,,0.09270459413528440,0.06557092070579530,8.0,0.9974583387374880,0.2454538196325300,0.4592893123626710,0.5,0.39898332953453100,"[{'zh': '海豹', 'rcs': 0.2252060621976852, 'w': 0.5}]","[{'zh': '书信', 'rcs': 0.4381456077098846, 'w': 0.601016682430027}]",1.3466430079752300,4,6,海豹,书信,0.7661048,0.72047174,0.7432883,0.29184505,0.36632788,0.32908648,y,global uniqueness
seal,jar,,M+E-,密封,罐子,FALSE,FALSE,FALSE,0.0,0.0157903619110584,0.111111111938953,0.0504206642508507,0.0692944228649139,0.0,1.56324577331543,0.24545381963253,0.51867550611496,0.5,0.284226506948471,"[{'zh': '海豹', 'rcs': 0.2252060621976852, 'w': 0.5}]","[{'zh': '缸', 'rcs': 0.3032687902450561, 'w': 0.28422651929244713}, {'zh': '坛子', 'rcs': 0.3367401957511902, 'w': 0.28422651929244713}, {'zh': '罐头', 'rcs': 0.4481330215930938, 'w': 0.0989784531646106}, {'zh': '罐', 'rcs': 0.4865182042121887, 'w': 0.04834198895804806}]",0.671605269284331,4,3,海豹,缸,0.7661048,0.8230291,0.794567,0.29184505,0.22502257,0.25843382,,
seal,kiss,,M-E+,,,,,,0.025316454470157600,0.0,,0.07664059102535250,0.0040073697455227400,4.0,0.0,,,,,,,1.1471464059791500,4,4,海豹,接吻,0.7661048,0.7324997,0.74930227,0.29184505,0.42093036,0.3563877,y,global uniqueness
sewer,rat,,M+E+,下水道,老鼠,FALSE,FALSE,FALSE,0.0614525191485882,0.054646797478199,0.10810811072588,0.246860548853874,0.173026785254478,11.0,6.06579399108887,0.441880196332932,0.525272011756897,1.0,0.505482852458954,[],"[{'zh': '鼠', 'rcs': 0.4795914888381958, 'w': 0.49451712452432905}]",1.47207172281061,5,3,下水道,老鼠,0.76699734,0.78748375,0.7772405,0.21407603,0.5262946,0.37018532,,
sewer,mermaid,,M+E-,下水道,美人鱼,FALSE,FALSE,FALSE,0.0,0.10810811072588,0.10810811072588,0.0186884701251984,0.259900003671646,0.0,12.0,0.441880196332932,0.40558460354805,1.0,1.0,[],[],0.994566263293886,5,7,下水道,美人鱼,0.76699734,0.8009887,0.783993,0.21407603,0.16013908,0.18710756,,
sewer,stink,,M-E+,,,FALSE,FALSE,FALSE,0.0335195474326611,0.0,,0.529727637767792,0.025000000372529,6.0,0.0,,,,,,,0.888366577023268,5,5,下水道,吵闹,0.76699734,0.36970693,0.5683521,0.21407603,0.0025999595,0.10833799,,
sharp,needle,“Sword” has no replacement,M+E+,尖,针,,,,0.02283104881644250,0.02723969891667370,,0.35614854097366300,0.09719154238700870,5.0,2.3698537349700900,0.2377199679613110,0.5263547301292420,0.3617691695690160,0.43671563267707800,"[{'zh': '锋利', 'rcs': 0.3983169496059418, 'w': 0.6382308438167505}]","[{'zh': '针头', 'rcs': 0.5342175364494324, 'w': 0.43671563189910584}, {'zh': '指针', 'rcs': 0.2426190823316574, 'w': 0.1265687362017882}]",1.173774235431940,5,6,锋利,针,0.7699418,0.7083572,0.7391495,0.57118124,0.23918825,0.40518475,y,global uniqueness
sharp,screech,,M+E-,尖,尖叫,,,,0.0,0.016633065417408900,,0.04411569610238080,0.06663788110017780,0.0,1.447076678276060,0.2377199679613110,0.3586097955703740,0.3617691695690160,1.0,"[{'zh': '锋利', 'rcs': 0.3983169496059418, 'w': 0.6382308438167505}]",[],1.2129405098033000,5,7,锋利,尖叫,0.7699418,0.6751573,0.72254956,0.57118124,0.16160055,0.36639088,y,global uniqueness
sharp,point,,M-E+,,,TRUE,FALSE,TRUE,0.0730593651533127,0.0,,0.217957317829132,0.0181804541498423,16.0,0.0,,,,,,,1.31760279554317,5,5,锋利,指向,0.7699418,0.72487867,0.74741024,0.57118124,0.10333664,0.33725893,,
sheet,pillow,,M+E+,床单,枕头,FALSE,FALSE,FALSE,0.0448430553078651,0.0496112033724785,0.0750000029802322,0.434347122907639,0.348138362169266,10.0,3.9688961505889900,0.279130756855011,0.479484736919403,0.661482691764832,1.0,"[{'zh': '纸张', 'rcs': 0.4602515995502472, 'w': 0.33851730911067296}]",[],0.489691460428502,5,6,床单,枕头,0.7659373,0.79217243,0.7790549,0.31622943,0.74965966,0.53294456,,
sheet,pen,,M+E-,纸张,笔,FALSE,FALSE,FALSE,0.0,0.0115732420235872,0.0683760717511177,0.0593973025679588,0.0946494340896606,0.0,1.35406923294067,0.460251599550247,0.259019613265991,0.338517308235168,0.5,"[{'zh': '床单', 'rcs': 0.279130756855011, 'w': 0.661482690889327}]","[{'zh': '钢笔', 'rcs': 0.2198588103055954, 'w': 0.5}]",1.05288210674792,5,3,床单,钢笔,0.7659373,0.75962746,0.7627824,0.31622943,0.7793726,0.547801,,
sheet,rain,,M-E+,,,FALSE,FALSE,FALSE,0.0313901305198669,0.0,,0.141979515552521,0.0236590318381786,7.0,0.0,,,,,,,0.916923577971598,5,4,床单,下雨,0.7659373,0.7865754,0.7762563,0.31622943,0.34192422,0.32907683,,
sink,ship,,M+E+,下沉,船,FALSE,FALSE,FALSE,0.0434782542288303,0.0249781422317028,0.0776699036359787,0.162240579724312,0.134265318512917,8.0,2.57274866104126,0.335970789194107,0.521753311157227,0.321593582630157,1.0,"[{'zh': '挖', 'rcs': 0.245032325387001, 'w': 0.3215935772131797}, {'zh': '下陷', 'rcs': 0.2833151519298553, 'w': 0.3215935772131797}, {'zh': '降低', 'rcs': 0.2159217745065689, 'w': 0.035219268360460895}]",[],0.962016157845846,4,4,挖,船,0.578077,0.8279798,0.70302844,0.12548529,0.54570097,0.33559313,,
sink,rise,No replacement,M+E-,下沉,上升,FALSE,TRUE,TRUE,0.0,0.0103571275249124,0.0388349518179894,0.0461016669869423,0.057446327060461,0.0,1.06678414344788,0.335970789194107,0.310974210500717,0.321593582630157,0.82929527759552,"[{'zh': '挖', 'rcs': 0.245032325387001, 'w': 0.3215935772131797}, {'zh': '下陷', 'rcs': 0.2833151519298553, 'w': 0.3215935772131797}, {'zh': '降低', 'rcs': 0.2159217745065689, 'w': 0.035219268360460895}]","[{'zh': '增长', 'rcs': 0.2891542613506317, 'w': 0.17070472211336812}]",0.705315723818144,4,4,挖,上升,0.578077,0.65922374,0.6186504,0.12548529,0.22844301,0.17696415,,
sink,tub,,M-E+,,,FALSE,FALSE,FALSE,0.0380434840917587,0.0,,0.526394605636597,0.0137901920825243,7.0,0.0,,,,,,,0.518048207334714,4,3,挖,盆,0.578077,0.6492201,0.61364853,0.12548529,0.09863524,0.112060264,,
site,area,,M+E+,场所,场地,FALSE,FALSE,FALSE,0.0416666716337204,0.0086171710863709,0.0359712243080139,0.23449395596981,0.0823837667703629,9.0,1.19778668880463,0.218197926878929,0.241041570901871,0.730011165142059,0.328155726194382,"[{'zh': '地点', 'rcs': 0.3332363367080688, 'w': 0.26998882409914665}]","[{'zh': '面积', 'rcs': 0.4091840088367462, 'w': 0.3281557120225794}, {'zh': '地域', 'rcs': 0.3876585662364959, 'w': 0.14713191289801802}, {'zh': '区', 'rcs': 0.4339649677276611, 'w': 0.11992787865294534}, {'zh': '地方', 'rcs': 0.3078873455524444, 'w': 0.07662878440387767}]",1.07668923005869,4,4,场所,场地,0.6207391,0.67047954,0.6456093,0.34485286,0.15819186,0.25152236,,
site,library,,M+E-,场所,图书馆,FALSE,FALSE,FALSE,0.0,0.0157556366175413,0.0215827338397503,0.0500147119164467,0.0656280070543289,0.0,2.19003343582153,0.218197926878929,0.477721035480499,0.730011165142059,1.0,"[{'zh': '地点', 'rcs': 0.3332363367080688, 'w': 0.26998882409914665}]",[],1.47589085141985,4,7,场所,图书馆,0.6207391,0.7623995,0.6915693,0.34485286,0.37063518,0.35774404,y,poor translation
site,web,,M-E+,,,FALSE,FALSE,FALSE,0.157407388091087,0.0,,0.225963428616524,0.0203301589936018,34.0,0.0,,,,,,,0.651546545920652,4,3,场所,网络,0.6207391,0.679988,0.65036356,0.34485286,0.4967448,0.42079884,,
slice,meat,No replacement,M+E+,片,肉,FALSE,TRUE,TRUE,0.0149253690615296,0.0105618275702,0.0337078645825386,0.262448221445084,0.306939601898193,3.0,0.940002679824829,0.240795686841011,0.568520784378052,0.313334226608276,1.0,"[{'zh': '锅铲', 'rcs': 0.2552796304225921, 'w': 0.6866657782216525}]",[],1.40689112834288,5,4,锅铲,肉,0.7353474,0.8459676,0.7906575,0.022902219,0.49032253,0.25661236,,
slice,snow,Both slice and snow are very good cues,M+E-,片,雪花,FALSE,TRUE,TRUE,0.0,0.0088015235960483,0.0561797767877579,0.0247987490147352,0.0220419708639383,0.0,0.783335566520691,0.240795686841011,0.350086539983749,0.313334226608276,0.5,"[{'zh': '锅铲', 'rcs': 0.2552796304225921, 'w': 0.6866657782216525}]","[{'zh': '下雪', 'rcs': 0.259146898984909, 'w': 0.5}]",1.26729669414049,5,4,锅铲,下雪,0.7353474,0.80626625,0.7708068,0.022902219,0.3016111,0.16225666,y,poor translation
slice,orange,,M-E+,,,FALSE,FALSE,FALSE,0.0497512482106686,0.0,,0.26062285900116,0.0226737018674612,10.0,0.0,,,,,,,1.03923206676256,5,6,锅铲,橙汁,0.7353474,0.818682,0.77701473,0.022902219,0.47633475,0.24961849,,
smooth,skin,No replacement,M+E+,光滑,皮肤,,TRUE,TRUE,0.0547263622283936,0.0939071327447891,0.196078434586525,0.203776776790619,0.172796636819839,11.0,9.57852745056152,0.437186717987061,0.56460452079773,1.0,0.478926360607147,[],"[{'zh': '壳', 'rcs': 0.3820466101169586, 'w': 0.1817293657600022}, {'zh': '剥皮', 'rcs': 0.3006784617900848, 'w': 0.17885542186769768}, {'zh': '毛皮', 'rcs': 0.363589197397232, 'w': 0.16048884487323642}]",1.41741885295091,6,4,光滑,皮肤,0.7832629,0.7957984,0.78953063,0.5231723,0.27219588,0.3976841,,
smooth,plane,,M+E-,光滑,平面,,FALSE,TRUE,0.0,0.0132192233577371,0.0294117648154497,0.0563641004264355,0.128543734550476,0.0,1.34836077690125,0.437186717987061,0.268428295850754,1.0,0.449453592300415,[],"[{'zh': '滑翔', 'rcs': 0.3761391341686249, 'w': 0.44945360527190037}, {'zh': '飞机', 'rcs': 0.4154236614704132, 'w': 0.10109278945619923}]",1.45406601656426,6,5,光滑,滑翔,0.7832629,0.7042102,0.74373657,0.5231723,0.3956297,0.459401,,poor translation
smooth,sailing,,M-E+,,,,FALSE,TRUE,0.0298507511615753,0.0,,0.0936283692717552,0.0211047232151032,6.0,0.0,,,,,,,0.690914433074757,6,7,光滑,航班,0.7832629,0.6612883,0.7222756,0.5231723,0.052034944,0.28760362,,
snow,winter,Both slice and snow are very good cues,M+E+,雪花,冬天,,,,0.15094338357448600,0.03559870645403860,,0.5320777297019960,0.10466667264699900,24.0,3.6666667461395300,0.3500865399837490,0.35745769739151,0.5,0.3333333432674410,"[{'zh': '下雪', 'rcs': 0.259146898984909, 'w': 0.5}]","[{'zh': '冬季', 'rcs': 0.464510053396225, 'w': 0.3333333333333333}, {'zh': '冬', 'rcs': 0.2268299907445907, 'w': 0.3333333333333333}]",1.3582132817352200,4,6,下雪,冬季,0.80626625,0.7677085,0.78698736,0.3016111,0.6159136,0.45876235,y,global uniqueness
snow,beer,,M+E-,雪花,啤酒,TRUE,FALSE,TRUE,0.0,0.0485436879098415,0.0970873758196831,0.0271115843206644,0.0812499970197678,0.0,5.0,0.350086539983749,0.574459969997406,0.5,1.0,"[{'zh': '下雪', 'rcs': 0.259146898984909, 'w': 0.5}]",[],0.475885147516673,4,4,下雪,啤酒,0.80626625,0.78424996,0.7952581,0.3016111,0.23740996,0.26951054,y,uncommon word
snow,soft,Both soft and snow are very good cues,M-E+,,,TRUE,TRUE,TRUE,0.0251572337001562,0.0,,0.0736576169729233,0.0233378801494837,4.0,0.0,,,,,,,0.908029335644934,4,4,下雪,软,0.80626625,0.79574925,0.80100775,0.3016111,0.32706863,0.31433988,,
soft,bed,Both soft and snow are very good cues,M+E+,柔软,床,,,,0.024096382781863200,0.012379607185721400,,0.25255683064460800,0.0783163383603096,4.0,1.7207653522491500,0.3980827033519750,0.4664386808872220,0.4301913380622860,0.5,"[{'zh': '软', 'rcs': 0.4027330577373504, 'w': 0.43019133098298074}, {'zh': '小的', 'rcs': 0.2205965369939804, 'w': 0.13961733803403859}]","[{'zh': '底层', 'rcs': 0.200316846370697, 'w': 0.5}]",1.498550236260290,4,3,软,底层,0.79574925,0.7466802,0.7712147,0.32706863,0.49461982,0.4108442,y,global uniqueness
soft,candy,,M+E-,软,糖,,,,0.0,0.007951806299388410,,0.07160383462905880,0.03233019635081290,0.0,0.7554216384887700,0.4027330577373500,0.32122403383255,0.4301913380622860,0.2926688492298130,"[{'zh': '柔软', 'rcs': 0.3980827033519745, 'w': 0.43019133098298074}, {'zh': '小的', 'rcs': 0.2205965369939804, 'w': 0.13961733803403859}]","[{'zh': '巧克力', 'rcs': 0.475940078496933, 'w': 0.3782237649796895}, {'zh': '糖果', 'rcs': 0.4749637544155121, 'w': 0.32910738120718286}]",1.0147687147225200,4,5,软,巧克力,0.79574925,0.81136096,0.80355513,0.32706863,0.20965235,0.2683605,y,global uniqueness
soft,ball,,M-E+,,,,,,0.018072286620736100,0.0,,0.05304509773850440,0.0342862494289875,3.0,0.0,,,,,,,1.2292709426632800,4,4,软,球,0.79574925,0.7559591,0.7758542,0.32706863,0.19173166,0.25940013,y,global uniqueness
spin,wheel,,M+E+,转动,轮子,FALSE,FALSE,FALSE,0.0295566469430923,0.0084971133619546,0.0744680836796761,0.288074165582657,0.061639029532671,6.0,0.798728704452515,0.290563136339188,0.531565666198731,0.476323395967484,0.239551737904549,"[{'zh': '旋转', 'rcs': 0.2885651886463165, 'w': 0.5236766046364622}]","[{'zh': '车轮', 'rcs': 0.547667920589447, 'w': 0.23955173710622196}, {'zh': '方向盘', 'rcs': 0.4993504583835602, 'w': 0.23955173710622196}, {'zh': '轮', 'rcs': 0.3787873983383178, 'w': 0.23955173710622196}, {'zh': '轮椅', 'rcs': 0.3203202188014984, 'w': 0.041793051575112115}]",1.07393785006575,4,5,旋转,车轮,0.7111176,0.8055589,0.7583383,0.03836216,0.2208088,0.12958547,,
spin,leap,,M+E-,旋转,跳跃,FALSE,FALSE,FALSE,0.0,0.149621903896332,0.28571429848671,0.0461551770567894,0.169252276420593,0.0,15.710298538208,0.288565188646317,0.271698355674744,0.523676633834839,1.0,"[{'zh': '转动', 'rcs': 0.2905631363391876, 'w': 0.4763233953635378}]",[],0.425784945880437,4,4,旋转,跳跃,0.7111176,0.6972972,0.7042074,0.03836216,0.0020978816,0.020230021,,
spin,round,,M-E+,,,FALSE,,,0.0640394166111946,0.0,,0.174656391143799,0.0211963914334774,13.0,0.0,,,,,,,0.951671386866422,4,5,旋转,回合,0.7111176,0.46832725,0.58972245,0.03836216,0.014070731,0.026216445,,
sports,running,,M+E+,运动,跑步,FALSE,FALSE,FALSE,0.0421686694025993,0.028128944337368,0.116438359022141,0.281222820281982,0.174124836921692,7.0,3.68489170074463,0.260041683912277,0.226728409528732,0.216475456953049,0.361766874790192,"[{'zh': '体育', 'rcs': 0.4324929714202881, 'w': 0.7835245430329306}]","[{'zh': '跑', 'rcs': 0.2226924896240234, 'w': 0.6382331357135055}]",1.15201829886349,6,7,体育,跑,0.7607556,0.7895584,0.775157,0.24604157,0.34699973,0.29652065,,
sports,teacher,,M+E-,体育,老师,FALSE,FALSE,FALSE,0.0,0.0122961839661002,0.0305343512445688,0.0154140936210752,0.0539215356111527,0.0,1.61080014705658,0.432492971420288,0.346825748682022,0.783524513244629,0.51395970582962,"[{'zh': '运动', 'rcs': 0.2600416839122772, 'w': 0.21647545696706927}]","[{'zh': '教师', 'rcs': 0.5814129710197449, 'w': 0.27992430342702346}, {'zh': '先生', 'rcs': 0.3092143535614013, 'w': 0.20611599535842348}]",0.920194250040554,6,7,体育,老师,0.7607556,0.7545064,0.757631,0.24604157,0.3640417,0.3050416,,
sports,team,,M-E+,,,FALSE,FALSE,FALSE,0.0240963846445084,0.0,,0.30596736073494,0.0266660824418068,4.0,0.0,,,,,,,1.32812136420645,6,4,体育,队伍,0.7607556,0.6859404,0.723348,0.24604157,0.06955115,0.15779635,,
spray,bottle,,M+E+,喷雾,瓶子,FALSE,FALSE,FALSE,0.0526315867900848,0.020984360948205,0.0459770113229752,0.0931181162595749,0.104837343096733,11.0,1.82563936710358,0.523648321628571,0.480711907148361,1.0,0.456409841775894,[],"[{'zh': '奶瓶', 'rcs': 0.5026694536209106, 'w': 0.45640985357178115}, {'zh': '酒', 'rcs': 0.38345867395401, 'w': 0.08718029285643766}]",1.08965634768755,5,6,喷雾,瓶子,0.74561656,0.71386576,0.72974116,0.18206261,0.16522732,0.17364496,,
spray,alcohol,,M+E-,喷雾,酒精,FALSE,FALSE,FALSE,0.0,0.0292588751763105,0.0344827584922314,0.0647434294223785,0.25599467754364,0.0,2.54552221298218,0.523648321628571,0.581928133964539,1.0,0.848507404327393,[],"[{'zh': '酒', 'rcs': 0.2689618468284607, 'w': 0.1514925831382802}]",1.04218167223483,5,7,喷雾,酒精,0.74561656,0.7658027,0.75570965,0.18206261,0.41948226,0.30077243,,
spray,ocean,,M-E+,,,FALSE,FALSE,FALSE,0.0478468984365463,0.0,,0.128483846783638,0.0183143466711044,10.0,0.0,,,,,,,0.704042248211733,5,5,喷雾,海洋,0.74561656,0.855346,0.8004813,0.18206261,0.43111223,0.30658743,,
string,violin,,M+E+,弦,小提琴,FALSE,FALSE,FALSE,0.0400000065565109,0.0520715191960335,0.0897435918450356,0.239401265978813,0.265917330980301,10.0,4.06157827377319,0.418742388486862,0.533695757389069,0.580225467681885,1.0,"[{'zh': '绳子', 'rcs': 0.3045003116130829, 'w': 0.41977453550667027}]",[],0.561770002065642,6,6,弦,小提琴,0.6284958,0.80656534,0.7175306,0.254066,0.2713516,0.26270878,,
string,serpent,,M+E-,绳子,蛇,FALSE,FALSE,FALSE,0.0,0.0161451753228903,0.0384615398943424,0.0231917351484299,0.0694726854562759,0.0,1.67909812927246,0.304500311613083,0.425779789686203,0.419774532318115,1.0,"[{'zh': '弦', 'rcs': 0.4187423884868622, 'w': 0.5802254644933297}]",[],1.13750264794354,6,7,弦,蛇,0.6284958,0.72112226,0.67480904,0.254066,0.022838162,0.13845208,,uncommon word
string,thread,,M-E+,,,FALSE,FALSE,FALSE,0.0520000047981739,0.0,,0.383832424879074,0.0247104559093714,13.0,0.0,,,,,,,0.489235755541289,6,6,弦,穿,0.6284958,0.64790684,0.63820136,0.254066,0.026098285,0.14008214,,
subway,train,No replacement,M+E+,地铁,火车,FALSE,TRUE,TRUE,0.181434631347656,0.0247524753212929,0.0495049506425858,0.2997165620327,0.265799999237061,43.0,2.5,0.421749442815781,0.406821429729462,1.0,0.5,[],"[{'zh': '列车', 'rcs': 0.3996173441410064, 'w': 0.5}]",1.27772518029182,6,5,地铁,火车,0.7617278,0.78923094,0.7754794,0.38268942,0.15093203,0.26681072,,
subway,squeeze,,M+E-,地铁,挤,FALSE,FALSE,FALSE,0.0,0.018676707521081,0.0495049506425858,0.0298631452023983,0.186408847570419,0.0,1.88634741306305,0.421749442815781,0.220169991254807,1.0,0.377269476652145,[],"[{'zh': '捏', 'rcs': 0.3188902139663696, 'w': 0.3434488904341609}, {'zh': '挤压', 'rcs': 0.2590376138687134, 'w': 0.2792816473521119}]",1.16152253692794,6,7,地铁,挤,0.7617278,0.65930796,0.7105179,0.38268942,0.08670793,0.23469867,y,poor translation
subway,below,,M-E+,,,,,,0.01265823096036910,0.0,,0.18726232647895800,0.03869999945163730,3.0,0.0,,,,,,,1.4992856285103800,6,5,地铁,下面,0.7617278,0.5568327,0.65928024,0.38268942,0.60774994,0.49521968,y,global uniqueness
swamp,wet,,M+E+,淹没,水,FALSE,FALSE,FALSE,0.0364583283662796,0.0104248346760869,0.120689652860165,0.267675280570984,0.0364772044122219,7.0,1.20928084850311,0.230802491307259,0.376829147338867,0.60768449306488,0.142141535878181,"[{'zh': '沼泽', 'rcs': 0.4666385054588318, 'w': 0.3923155171236762}]","[{'zh': '湿', 'rcs': 0.4603066146373749, 'w': 0.25993643248032516}, {'zh': '湿的', 'rcs': 0.4789307117462158, 'w': 0.25993643248032516}, {'zh': '潮湿', 'rcs': 0.4323588013648987, 'w': 0.25993643248032516}, {'zh': '液体', 'rcs': 0.3145627677440643, 'w': 0.07804916587005213}]",1.33970487202137,5,3,淹没,湿,0.6842351,0.810579,0.7474071,0.2664486,0.37285385,0.31965122,,
swamp,swim,,M+E-,淹没,游泳,FALSE,FALSE,FALSE,0.0,0.015715979039669,0.0258620698004961,0.0742063149809837,0.207281187176704,0.0,1.82305347919464,0.230802491307259,0.259909629821777,0.60768449306488,1.0,"[{'zh': '沼泽', 'rcs': 0.4666385054588318, 'w': 0.3923155171236762}]",[],0.97372669741195,5,4,淹没,游泳,0.6842351,0.75890666,0.72157085,0.2664486,0.42403856,0.34524357,,uncommon word
swamp,muck,,M-E+,,,FALSE,FALSE,FALSE,0.0208333302289248,0.0,,0.338661283254623,0.0214758198708296,4.0,0.0,,,,,,,1.47431346909797,5,4,淹没,打扫,0.6842351,0.5523958,0.61831546,0.2664486,0.027797455,0.14712302,,
sword,sharp,"No replacement for sword M+E+, and “sharp” is a better cue",M+E+,刀,锋利,TRUE,TRUE,TRUE,0.070588231086731,0.0115179074928164,0.0520833320915699,0.183073803782463,0.184269055724144,12.0,1.10571908950806,0.388050407171249,0.398316949605942,0.346495032310486,0.638230860233307,"[{'zh': '剑', 'rcs': 0.3996585011482239, 'w': 0.6535049775078716}]","[{'zh': '尖', 'rcs': 0.2377199679613113, 'w': 0.36176915618324945}]",1.0029002968274,5,5,剑,锋利,0.7492657,0.7699418,0.75960374,0.34472117,0.57118124,0.4579512,,
sword,blood,,M+E-,刀,血,TRUE,FALSE,TRUE,0.0,0.0126326307654381,0.0729166641831398,0.0309376176446676,0.0487691760063171,0.0,1.21273255348206,0.388050407171249,0.480825483798981,0.346495032310486,0.5,"[{'zh': '剑', 'rcs': 0.3996585011482239, 'w': 0.6535049775078716}]","[{'zh': '血液', 'rcs': 0.3946893513202667, 'w': 0.5}]",1.06258692509777,5,5,剑,血液,0.7492657,0.79897857,0.7741221,0.34472117,0.4128438,0.37878248,,
sword,stone,,M-E+,,,TRUE,FALSE,TRUE,0.0352941229939461,0.0,,0.0719140842556953,0.0090396609157323,6.0,0.0,,,,,,,0.308379160382538,5,5,剑,石子,0.7492657,0.7497603,0.74951303,0.34472117,0.3431988,0.34396,,
tail,cat,,M+E+,尾巴,猫,FALSE,,,0.16666667163372,0.0325203239917755,0.065040647983551,0.241021260619164,0.205050006508827,27.0,4.0,0.428775072097778,0.488029211759567,0.5,1.0,"[{'zh': '燕尾服', 'rcs': 0.3041740655899048, 'w': 0.5}]",[],0.740701562655223,4,3,尾巴,猫,0.72547716,0.82852244,0.77699983,0.52715623,0.70452857,0.6158424,,
tail,suit,,M+E-,燕尾服,西装,FALSE,FALSE,FALSE,0.0,0.0194444451481104,0.116666667163372,0.0415455289185047,0.098350003361702,0.0,2.33333349227905,0.304174065589905,0.255700945854187,0.5,0.333333343267441,"[{'zh': '尾巴', 'rcs': 0.4287750720977783, 'w': 0.5}]","[{'zh': '西服', 'rcs': 0.2543237507343292, 'w': 0.3333333333333333}, {'zh': '套装', 'rcs': 0.3030464947223663, 'w': 0.3333333333333333}]",0.570099074578251,4,4,尾巴,西装,0.72547716,0.7532095,0.7393433,0.52715623,0.11344075,0.3202985,,
tail,butt,,M-E+,,,FALSE,FALSE,FALSE,0.030864205211401,0.0,,0.172614961862564,0.0377999991178513,5.0,0.0,,,,,,,0.324845917981623,4,4,尾巴,屁股,0.72547716,0.7246236,0.7250504,0.52715623,0.17101058,0.34908342,,
tent,camp,,M+E+,帐篷,野营,FALSE,FALSE,FALSE,0.0651162788271904,0.0750000029802322,0.150000005960464,0.412218868732452,0.294849991798401,14.0,9.0,0.472611218690872,0.276619136333466,1.0,0.5,[],"[{'zh': '营地', 'rcs': 0.4515192210674286, 'w': 0.5}]",0.814397719016868,4,4,帐篷,野营,0.76299316,0.7391484,0.75107074,0.4915423,0.612956,0.55224913,,
tent,trip,,M+E-,帐篷,旅行,FALSE,FALSE,FALSE,0.0,0.0196855813264847,0.0333333350718021,0.0489645525813103,0.099451556801796,0.0,2.36226963996887,0.472611218690872,0.298249572515488,1.0,0.590567409992218,[],"[{'zh': '旅程', 'rcs': 0.2326556891202926, 'w': 0.40943257469127614}]",1.43905840711234,4,4,帐篷,旅行,0.76299316,0.7715139,0.7672535,0.4915423,0.12217965,0.30686098,,
tent,canvas,,M-E+,,,FALSE,FALSE,FALSE,0.0372092984616756,0.0,,0.218114763498306,0.0390999987721443,8.0,0.0,,,,,,,1.24717888759248,4,6,帐篷,油画,0.76299316,0.6781513,0.72057223,0.4915423,0.13731396,0.31442815,,
thick,thin,No replacement,M+E+,厚,薄,FALSE,TRUE,TRUE,0.18965519964695,0.134453788399696,0.268907576799393,0.181111544370651,0.21764999628067,33.0,16.0,0.403796255588532,0.40669259428978,1.0,0.5,[],"[{'zh': '细', 'rcs': 0.2999193370342254, 'w': 0.5}]",0.547724522902665,5,4,厚,薄,0.65414226,0.75006765,0.7021049,0.7884531,0.49417633,0.64131474,,
thick,warm,,M+E-,厚,暖和,FALSE,FALSE,FALSE,0.0,0.0136888474225998,0.0252100843936205,0.0474210791289806,0.184128224849701,0.0,1.62897276878357,0.403796255588532,0.422766238451004,1.0,0.542990922927856,[],"[{'zh': '温暖', 'rcs': 0.3686213195323944, 'w': 0.45700908514453725}]",0.95448223413411,5,4,厚,暖和,0.65414226,0.7935588,0.7238505,0.7884531,0.26628718,0.52737015,,
thick,broad,,M-E+,,,FALSE,FALSE,FALSE,0.0287356302142143,0.0,,0.163884595036507,0.0370999984443188,5.0,0.0,,,,,,,1.45113193795245,5,5,厚,宽广,0.65414226,0.72209525,0.68811876,0.7884531,0.07773387,0.4330935,,
ticket,train,"“Ticket” needs to be deleted for duplicated routes, airplane is in E+",M+E+,车票,火车,FALSE,TRUE,TRUE,0.0710900500416756,0.0189786236733198,0.133333340287209,0.173770025372505,0.0861582085490227,15.0,1.70807611942291,0.416637420654297,0.406821429729462,0.284679353237152,0.5,"[{'zh': '门票', 'rcs': 0.3813907504081726, 'w': 0.28467935418816703}, {'zh': '彩票', 'rcs': 0.3290631771087646, 'w': 0.28467935418816703}, {'zh': '票', 'rcs': 0.3064610660076141, 'w': 0.14596193743549893}]","[{'zh': '列车', 'rcs': 0.3996173441410064, 'w': 0.5}]",0.632894211485276,6,5,门票,火车,0.7358287,0.78923094,0.76252985,0.33745766,0.15093203,0.24419484,,
ticket,aircraft,,M+E-,票,飞机,FALSE,FALSE,FALSE,0.0,0.0083406819030642,0.0571428574621677,0.07496078312397,0.0783437639474869,0.0,0.875771641731262,0.306461066007614,0.524127960205078,0.145961940288544,1.0,"[{'zh': '门票', 'rcs': 0.3813907504081726, 'w': 0.28467935418816703}, {'zh': '车票', 'rcs': 0.4166374206542969, 'w': 0.28467935418816703}, {'zh': '彩票', 'rcs': 0.3290631771087646, 'w': 0.28467935418816703}]",[],1.32017724581113,6,8,门票,飞机,0.7358287,0.7968302,0.7663294,0.33745766,0.10313904,0.22029835,,
ticket,machine,,M-E+,,,FALSE,,,0.0236966870725155,0.0,,0.0589213408529758,0.0130270970985293,5.0,0.0,,,,,,,0.683821658722011,6,7,门票,机器,0.7358287,0.76626587,0.75104725,0.33745766,0.51058114,0.4240194,,
tribe,clan,,M+E+,族,家族,FALSE,FALSE,FALSE,0.0561797767877579,0.0163043476641178,0.0978260859847069,0.391115993261337,0.0810833349823952,10.0,1.5,0.365182727575302,0.389264285564423,0.5,0.333333343267441,"[{'zh': '部落', 'rcs': 0.4054463803768158, 'w': 0.5}]","[{'zh': '帮派', 'rcs': 0.2109794467687606, 'w': 0.3333333333333333}, {'zh': '氏族', 'rcs': 0.430666834115982, 'w': 0.3333333333333333}]",0.834938938782556,5,4,族,帮派,0.74247134,0.7459474,0.7442094,0.24318637,0.19057105,0.21687871,,
tribe,warfare,,M+E-,部落,战争,FALSE,FALSE,FALSE,0.0,0.0118099357932806,0.0361445769667625,0.0341155305504799,0.0474102012813091,0.0,0.98022472858429,0.405446380376816,0.295275807380676,0.5,0.653483152389526,"[{'zh': '族', 'rcs': 0.3651827275753021, 'w': 0.5}]","[{'zh': '斗争', 'rcs': 0.2138779163360595, 'w': 0.34651687342254717}]",1.48135302561099,5,7,族,战争,0.74247134,0.75921524,0.7508433,0.24318637,0.2201114,0.23164889,,
tribe,quest,,M-E+,,,,,,0.01685393787920480,0.0,,0.09524226933717730,0.015949999913573300,3.0,0.0,,,,,,,1.1887745003025800,5,5,族,寻找,0.74247134,0.6608957,0.7016835,0.24318637,0.06716902,0.1551777,y,global uniqueness
trunk,tree,,M+E+,树桩,大树,FALSE,FALSE,FALSE,0.142857134342194,0.0120392693206668,0.0505050495266914,0.123941317200661,0.180015966296196,26.0,1.39655518531799,0.40051132440567,0.392081797122955,0.282819181680679,0.389456957578659,"[{'zh': '树干', 'rcs': 0.4448303580284118, 'w': 0.7171808167341409}]","[{'zh': '树', 'rcs': 0.3510806560516357, 'w': 0.3894569459129817}, {'zh': '树木', 'rcs': 0.4441355466842651, 'w': 0.22108610817403662}]",0.849603925549732,5,4,树干,大树,0.48890853,0.80540377,0.6471561,0.081536956,0.4329255,0.25723124,,
trunk,bunny,,M+E-,树桩,兔子,,,,0.0,0.014283796772360800,,0.027714967727661100,0.06827561557292940,0.0,1.4140958786010700,0.4005113244056700,0.3943850100040440,0.2828191816806790,1.0,"[{'zh': '树干', 'rcs': 0.4448303580284118, 'w': 0.7171808167341409}]",[],0.2459270698180980,5,5,树干,兔子,0.48890853,0.78345,0.63617927,0.081536956,0.071637444,0.0765872,y,global uniqueness
trunk,suitcase,,M-E+,,,FALSE,FALSE,FALSE,0.0769230797886848,0.0,,0.358101755380631,0.0179899036884308,14.0,0.0,,,,,,,1.49080822192504,5,8,树干,行李箱,0.48890853,0.7877254,0.638317,0.081536956,0.3202893,0.20091313,,
tunnel,train,No replacement,M+E+,隧道,火车,FALSE,TRUE,TRUE,0.108571425080299,0.0694444477558136,0.138888895511627,0.194699630141258,0.174899995326996,19.0,7.5,0.529088497161865,0.406821429729462,1.0,0.5,[],"[{'zh': '列车', 'rcs': 0.3996173441410064, 'w': 0.5}]",1.0255887653885,6,5,隧道,火车,0.7858948,0.78923094,0.78756285,0.53203756,0.15093203,0.34148479,,
tunnel,length,,M+E-,隧道,长,FALSE,FALSE,FALSE,0.0,0.0099958889186382,0.0277777779847384,0.0384596660733223,0.100503236055374,0.0,1.07955598831177,0.529088497161865,0.256422221660614,1.0,0.359851986169815,[],"[{'zh': '长度', 'rcs': 0.4575222134590149, 'w': 0.640148006083392}]",0.864706799273522,6,6,隧道,长度,0.7858948,0.7554534,0.7706741,0.53203756,0.71451336,0.62327546,,
tunnel,tube,,M-E+,,,FALSE,,,0.0457142889499664,0.0,,0.218150526285172,0.0379522815346718,8.0,0.0,,,,,,,0.97144107045126,6,4,隧道,管,0.7858948,0.7207436,0.7533192,0.53203756,0.20718074,0.36960915,,
twist,lemon,,M+E+,拧,柠檬,FALSE,FALSE,FALSE,0.0346534624695778,0.0416666679084301,0.0416666679084301,0.167934015393257,0.179700002074242,7.0,3.0,0.242564529180527,0.531027972698212,1.0,1.0,[],[],1.02996643657282,5,5,拧,柠檬,0.68939376,0.8096661,0.74952996,0.10314945,0.6100002,0.35657483,,
twist,towel,,M+E-,拧,毛巾,FALSE,FALSE,FALSE,0.0,0.0446114502847195,0.152777776122093,0.0332862436771393,0.0877758711576462,0.0,3.21202445030212,0.242564529180527,0.544564962387085,1.0,0.292002230882645,[],"[{'zh': '纸巾', 'rcs': 0.4714272916316986, 'w': 0.29200223595986147}, {'zh': '手巾', 'rcs': 0.4699572324752807, 'w': 0.29200223595986147}, {'zh': '抹布', 'rcs': 0.4854107499122619, 'w': 0.12399329212041563}]",0.900774421534169,5,5,拧,纸巾,0.68939376,0.7789504,0.7341721,0.10314945,0.28712675,0.1951381,,
twist,shout,,M-E+,,,FALSE,FALSE,FALSE,0.123762384057045,0.0,,0.0917328894138336,0.020636435598135,25.0,0.0,,,,,,,0.290731924378437,5,5,拧,叫,0.68939376,0.7077442,0.69856894,0.10314945,0.15875797,0.13095371,,
urine,yellow,,M+E+,尿,黄色,FALSE,FALSE,FALSE,0.141630917787552,0.0657721161842346,0.100000001490116,0.100654803216457,0.161404773592949,33.0,5.2617692947387700,0.544859766960144,0.501033961772919,0.657721161842346,1.0,"[{'zh': '小便', 'rcs': 0.3024432063102722, 'w': 0.342278844307838}]",[],1.17243378084774,5,6,尿,黄色,0.7513646,0.8135123,0.78243846,0.56721705,0.44301888,0.50511795,,
urine,trousers,,M+E-,尿,裤子,FALSE,FALSE,FALSE,0.0,0.0080107487738132,0.0375000014901161,0.0234363004565239,0.033986933529377,0.0,0.640859842300415,0.544859766960144,0.576529979705811,0.657721161842346,0.324788004159927,"[{'zh': '小便', 'rcs': 0.3024432063102722, 'w': 0.342278844307838}]","[{'zh': '长裤', 'rcs': 0.5876520276069641, 'w': 0.3475618315558301}, {'zh': '裤', 'rcs': 0.5567807555198669, 'w': 0.32765016186362866}]",1.46095482196554,5,8,尿,长裤,0.7513646,0.8196648,0.7855147,0.56721705,0.35095483,0.45908594,,
urine,sample,,M-E+,,,FALSE,FALSE,FALSE,0.0214592218399048,0.0,,0.154659137129784,0.0113785760477185,5.0,0.0,,,,,,,1.25050166609615,5,6,尿,样品,0.7513646,0.7364049,0.74388474,0.56721705,0.13183837,0.34952772,,
valley,river,,M+E+,流域,河流,FALSE,FALSE,FALSE,0.139130428433418,0.0133142052218318,0.123595505952835,0.257786840200424,0.107683293521404,16.0,1.07845056056976,0.44387087225914,0.489626735448837,0.319645524024963,0.264188408851624,"[{'zh': '山谷', 'rcs': 0.5051570534706116, 'w': 0.6803544613277362}]","[{'zh': '小溪', 'rcs': 0.4996245503425598, 'w': 0.26418839524532906}, {'zh': '河', 'rcs': 0.4457035362720489, 'w': 0.26418839524532906}, {'zh': '溪流', 'rcs': 0.4985944032669067, 'w': 0.1300043317852566}, {'zh': '溪', 'rcs': 0.4290595948696136, 'w': 0.07743048247875631}]",0.668080389262702,6,5,山谷,河流,0.77477074,0.82681257,0.8007916,0.3641326,0.5053446,0.43473864,,
valley,bird,,M+E-,山谷,鸟,FALSE,FALSE,FALSE,0.0,0.0125991571694613,0.0370370373129845,0.0230488609522581,0.0612999349832535,0.0,1.02053165435791,0.505157053470612,0.511888265609741,0.680354475975037,0.5,"[{'zh': '流域', 'rcs': 0.44387087225914, 'w': 0.31964553867226375}]","[{'zh': '姑娘', 'rcs': 0.2078591585159301, 'w': 0.5}]",1.05579478706613,6,4,山谷,鸟,0.77477074,0.75772154,0.76624614,0.3641326,0.18096685,0.27254975,,
valley,shadow,,M-E+,,,FALSE,FALSE,FALSE,0.0260869693011045,0.0,,0.0889424756169319,0.023200087249279,3.0,0.0,,,,,,,0.190876277591981,6,6,山谷,影子,0.77477074,0.76656234,0.77066654,0.3641326,0.42770177,0.39591718,,
waist,thin,No replacement,M+E+,腰,细,,,,0.029268288984894800,0.01315789483487610,,0.29533958435058600,0.10125000029802300,6.0,1.0,0.5037955045700070,0.2999193370342250,0.5,0.5,"[{'zh': '腰部', 'rcs': 0.5781868696212769, 'w': 0.5}]","[{'zh': '薄', 'rcs': 0.4066925942897796, 'w': 0.5}]",1.2143304199590200,5,4,腰,薄,0.7317434,0.75006765,0.7409055,0.2082112,0.49417633,0.35119376,y,global uniqueness
waist,acid,,M+E-,腰,酸,FALSE,FALSE,FALSE,0.0,0.0197368413209915,0.039473682641983,0.0166664775460958,0.0601000003516674,0.0,1.5,0.503795504570007,0.572831451892853,0.5,1.0,"[{'zh': '腰部', 'rcs': 0.5781868696212769, 'w': 0.5}]",[],0.745981695240619,5,4,腰,酸,0.7317434,0.70554024,0.7186418,0.2082112,0.17999974,0.19410548,,
waist,band,,M-E+,,,FALSE,,,0.0292682889848948,0.0,,0.102943100035191,0.0120999999344349,6.0,0.0,,,,,,,1.35497438969337,5,4,腰,乐队,0.7317434,0.7856084,0.75867593,0.2082112,0.5359053,0.37205824,,
waiter,tray,,M+E+,服务员,托盘,FALSE,FALSE,FALSE,0.0372093021869659,0.0123068951070309,0.0333333350718021,0.390934407711029,0.133135989308357,8.0,1.10762047767639,0.44697305560112,0.568623721599579,1.0,0.369206845760345,[],"[{'zh': '盘', 'rcs': 0.3201288282871246, 'w': 0.36920685987704865}, {'zh': '碟', 'rcs': 0.3903550803661346, 'w': 0.26158628024590264}]",1.00869903734738,6,4,服务员,盘,0.7142308,0.783063,0.74864686,0.4636184,0.06737667,0.26549754,,
waiter,cheers,,M+E-,服务员,谢谢,FALSE,FALSE,FALSE,0.0,0.022716861218214,0.0333333350718021,0.0756585821509361,0.136573761701584,0.0,2.04451751708984,0.44697305560112,0.358363449573517,1.0,0.681505799293518,[],"[{'zh': '再见', 'rcs': 0.3508387804031372, 'w': 0.31849418447482974}]",1.15182706513646,6,6,服务员,谢谢,0.7142308,0.56731725,0.640774,0.4636184,0.20484553,0.33423197,,uncommon word
waiter,table,,M-E+,,,FALSE,FALSE,FALSE,0.041860468685627,0.0,,0.243008673191071,0.0254000015556812,9.0,0.0,,,,,,,1.24329547485786,6,5,服务员,表,0.7142308,0.6845784,0.6994046,0.4636184,0.04760247,0.25561044,,
weight,mass,,M+E+,重量,质量,FALSE,,,0.147651001811028,0.0110121732577682,0.0900900885462761,0.335820734500885,0.0441268794238567,22.0,1.22235131263733,0.466491401195526,0.402521789073944,0.386326521635056,0.316403657197952,"[{'zh': '体重', 'rcs': 0.2601625919342041, 'w': 0.38632652754929114}, {'zh': '高度', 'rcs': 0.3531632423400879, 'w': 0.10823306891676099}, {'zh': '固定', 'rcs': 0.2965547740459442, 'w': 0.07704953730344298}, {'zh': '压力', 'rcs': 0.206294909119606, 'w': 0.042064338681213814}]","[{'zh': '大多数', 'rcs': 0.2543220221996307, 'w': 0.4019633616783435}, {'zh': '多数', 'rcs': 0.2426012307405471, 'w': 0.2816329739179141}]",1.14973572254213,6,4,体重,大多数,0.71597356,0.6085891,0.66228133,0.20806132,0.17297293,0.19051713,,
weight,meat,No replacement,M+E-,体重,肉,FALSE,TRUE,TRUE,0.0,0.0112522291019559,0.029126213863492,0.0266870576888323,0.109716735780239,0.0,1.15897953510284,0.260162591934204,0.568520784378052,0.386326521635056,1.0,"[{'zh': '重量', 'rcs': 0.4664914011955261, 'w': 0.38632652754929114}, {'zh': '高度', 'rcs': 0.3531632423400879, 'w': 0.10823306891676099}, {'zh': '固定', 'rcs': 0.2965547740459442, 'w': 0.07704953730344298}, {'zh': '压力', 'rcs': 0.206294909119606, 'w': 0.042064338681213814}]",[],1.32630686644529,6,4,体重,肉,0.71597356,0.8459676,0.7809706,0.20806132,0.49032253,0.34919193,,
weight,light,,M-E+,,,FALSE,,,0.033557053655386,0.0,,0.0850131064653397,0.0037777731195092,5.0,0.0,,,,,,,0.985511103494112,6,5,体重,电灯,0.71597356,0.7564144,0.736194,0.20806132,0.788583,0.49832216,,
wire,phone,"No replacement, cell is a better cue",M+E+,电线,手机,FALSE,TRUE,TRUE,0.0198675543069839,0.0099277691915631,0.0326086953282356,0.276057034730911,0.0931621789932251,3.0,0.913354694843292,0.452607899904251,0.416216135025024,0.682659089565277,0.331031650304794,"[{'zh': '电缆', 'rcs': 0.4007912278175354, 'w': 0.3173408934969921}]","[{'zh': '电话', 'rcs': 0.4296647608280182, 'w': 0.6689683530984972}]",1.33275814282014,4,5,电线,电话,0.7544293,0.7446308,0.7495301,0.2629307,0.08842685,0.17567877,,
wire,sky,,M+E-,电线,天空,FALSE,FALSE,FALSE,0.0,0.0148404156789184,0.0434782616794109,0.0325950942933559,0.024340046569705,0.0,1.36531817913055,0.452607899904251,0.395468354225159,0.682659089565277,0.5,"[{'zh': '电缆', 'rcs': 0.4007912278175354, 'w': 0.3173408934969921}]","[{'zh': '蓝天', 'rcs': 0.2938329875469208, 'w': 0.5}]",0.607281467687042,4,3,电线,蓝天,0.7544293,0.78652537,0.7704773,0.2629307,0.6850841,0.4740074,,
wire,red,,M-E+,,,,,,0.02649005874991420,0.0,,0.01929207146167760,0.006599037908017640,4.0,0.0,,,,,,,1.1248834731157700,4,3,电线,红的,0.7544293,0.7974439,0.7759366,0.2629307,0.3534052,0.30816793,y,global uniqueness